Text,Label,Window,User Name,User ID
"It works as described, no major issues.",Neutral,Flipkart,Arjun Singh,U1001
Customer service was unhelpful and rude.,Negative,Flipkart,Vikram Joshi,U1002
"Amazing quality, totally worth the price.",Positive,Flipkart,Ananya Roy,U1003
"I am very satisfied with my purchase, highly recommend.",Positive,Flipkart,Vikram Joshi,U1004
"I am disappointed, it did not meet my expectations.",Negative,Flipkart,Raj Verma,U1005
Customer service was unhelpful and rude.,Negative,Flipkart,Raj Verma,U1006
"Very poor quality, not worth the money.",Negative,Flipkart,Neha Gupta,U1007
"The experience was average, not bad.",Neutral,Flipkart,Sneha Patel,U1008
Item arrived late and was damaged.,Negative,Amazon,Sneha Patel,U1009
The product exceeded my expectations and works flawlessly.,Positive,Flipkart,Raj Verma,U1010
"Very poor quality, not worth the money.",Negative,Flipkart,Neha Gupta,U1011
"Delivery was on time, but packaging could be better.",Neutral,Flipkart,Raj Verma,U1012
The product exceeded my expectations and works flawlessly.,Positive,Amazon,Vikram Joshi,U1013
The product stopped working after a few days.,Negative,Amazon,Ananya Roy,U1014
"Very poor quality, not worth the money.",Negative,Flipkart,Ananya Roy,U1015
"I am disappointed, it did not meet my expectations.",Negative,Flipkart,Priya Sharma,U1017
Item arrived late and was damaged.,Negative,Amazon,Vikram Joshi,U1018
"Delivery was on time, but packaging could be better.",Neutral,Flipkart,Karan Mehta,U1019
Item arrived late and was damaged.,Negative,Amazon,Ananya Roy,U1020
"I am very satisfied with my purchase, highly recommend.",Positive,Flipkart,Sneha Patel,U1021
"I am disappointed, it did not meet my expectations.",Negative,Amazon,Sneha Patel,U1022
The product stopped working after a few days.,Negative,Amazon,Karan Mehta,U1023
"Delivery was on time, but packaging could be better.",Neutral,Flipkart,Raj Verma,U1024
The product exceeded my expectations and works flawlessly.,Positive,Amazon,Raj Verma,U1025
"I am disappointed, it did not meet my expectations.",Negative,Amazon,Priya Sharma,U1026
The product is functional but lacks some features.,Neutral,Amazon,Arjun Singh,U1027
"I am disappointed, it did not meet my expectations.",Negative,Flipkart,Ananya Roy,U1028
"Delivery was on time, but packaging could be better.",Neutral,Flipkart,Sneha Patel,U1029
Excellent customer service and great product.,Positive,Flipkart,Ananya Roy,U1030
"I am very satisfied with my purchase, highly recommend.",Positive,Flipkart,Karan Mehta,U1031
"I am very satisfied with my purchase, highly recommend.",Positive,Flipkart,Neha Gupta,U1032
Item arrived late and was damaged.,Negative,Flipkart,Karan Mehta,U1033
Item arrived late and was damaged.,Negative,Amazon,Priya Sharma,U1034
"I am disappointed, it did not meet my expectations.",Negative,Flipkart,Karan Mehta,U1035
The product exceeded my expectations and works flawlessly.,Positive,Amazon,Sneha Patel,U1036
"Very poor quality, not worth the money.",Negative,Flipkart,Ananya Roy,U1037
Excellent customer service and great product.,Positive,Amazon,Raj Verma,U1038
Excellent customer service and great product.,Positive,Amazon,Vikram Joshi,U1039
"Delivery was on time, but packaging could be better.",Neutral,Flipkart,Vikram Joshi,U1040
The product exceeded my expectations and works flawlessly.,Positive,Amazon,Sneha Patel,U1041
"Delivery was on time, but packaging could be better.",Neutral,Amazon,Karan Mehta,U1042
Item arrived late and was damaged.,Negative,Amazon,Arjun Singh,U1043
The product stopped working after a few days.,Negative,Amazon,Priya Sharma,U1044
"The experience was average, not bad.",Neutral,Amazon,Neha Gupta,U1045
"It works as described, no major issues.",Neutral,Flipkart,Ananya Roy,U1046
Excellent customer service and great product.,Positive,Amazon,Karan Mehta,U1047
"It works as described, no major issues.",Neutral,Flipkart,Neha Gupta,U1048
The product stopped working after a few days.,Negative,Flipkart,Vikram Joshi,U1049
"The experience was average, not bad.",Neutral,Flipkart,Karan Mehta,U1050
"Delivery was on time, but packaging could be better.",Neutral,Flipkart,Sneha Patel,U1051
Excellent customer service and great product.,Positive,Amazon,Sneha Patel,U1052
The product exceeded my expectations and works flawlessly.,Positive,Amazon,Raj Verma,U1053
Excellent customer service and great product.,Positive,Amazon,Karan Mehta,U1054
Excellent customer service and great product.,Positive,Flipkart,Sneha Patel,U1055
The product is functional but lacks some features.,Neutral,Flipkart,Sneha Patel,U1056
The product exceeded my expectations and works flawlessly.,Positive,Amazon,Priya Sharma,U1057
The product stopped working after a few days.,Negative,Flipkart,Raj Verma,U1058
"The product is okay, nothing special.",Neutral,Amazon,Vikram Joshi,U1059
The product exceeded my expectations and works flawlessly.,Positive,Amazon,Priya Sharma,U1060
The product is functional but lacks some features.,Neutral,Flipkart,Vikram Joshi,U1061
Excellent customer service and great product.,Positive,Amazon,Ananya Roy,U1062
The product exceeded my expectations and works flawlessly.,Positive,Amazon,Priya Sharma,U1063
"Very poor quality, not worth the money.",Negative,Flipkart,Arjun Singh,U1064
The product exceeded my expectations and works flawlessly.,Positive,Amazon,Raj Verma,U1065
The product stopped working after a few days.,Negative,Flipkart,Vikram Joshi,U1066
"Delivery was on time, but packaging could be better.",Neutral,Amazon,Karan Mehta,U1067
The product is functional but lacks some features.,Neutral,Amazon,Sneha Patel,U1068
"The product is okay, nothing special.",Neutral,Amazon,Karan Mehta,U1069
"Amazing quality, totally worth the price.",Positive,Amazon,Vikram Joshi,U1070
"Very poor quality, not worth the money.",Negative,Amazon,Vikram Joshi,U1071
The product stopped working after a few days.,Negative,Amazon,Sneha Patel,U1072
"Amazing quality, totally worth the price.",Positive,Amazon,Sneha Patel,U1073
"The product is okay, nothing special.",Neutral,Amazon,Sneha Patel,U1074
Excellent customer service and great product.,Positive,Amazon,Sneha Patel,U1075
"Delivery was on time, but packaging could be better.",Neutral,Flipkart,Ananya Roy,U1076
"Amazing quality, totally worth the price.",Positive,Flipkart,Karan Mehta,U1077
The product is functional but lacks some features.,Neutral,Amazon,Arjun Singh,U1078
The product exceeded my expectations and works flawlessly.,Positive,Flipkart,Neha Gupta,U1079
Customer service was unhelpful and rude.,Negative,Amazon,Sneha Patel,U1080
The product is functional but lacks some features.,Neutral,Amazon,Raj Verma,U1081
"I am very satisfied with my purchase, highly recommend.",Positive,Amazon,Sneha Patel,U1082
"The experience was average, not bad.",Neutral,Amazon,Ananya Roy,U1083
"I am very satisfied with my purchase, highly recommend.",Positive,Flipkart,Ananya Roy,U1084
"Amazing quality, totally worth the price.",Positive,Amazon,Arjun Singh,U1085
"It works as described, no major issues.",Neutral,Flipkart,Raj Verma,U1086
Customer service was unhelpful and rude.,Negative,Flipkart,Raj Verma,U1087
The product exceeded my expectations and works flawlessly.,Positive,Amazon,Sneha Patel,U1088
"I am very satisfied with my purchase, highly recommend.",Positive,Flipkart,Neha Gupta,U1089
Excellent customer service and great product.,Positive,Flipkart,Priya Sharma,U1090
The product is functional but lacks some features.,Neutral,Flipkart,Arjun Singh,U1091
The item arrived on time and in perfect condition.,Positive,Flipkart,Karan Mehta,U1092
Excellent customer service and great product.,Positive,Flipkart,Ananya Roy,U1093
"I am disappointed, it did not meet my expectations.",Negative,Amazon,Vikram Joshi,U1094
"Very poor quality, not worth the money.",Negative,Flipkart,Arjun Singh,U1095
"It works as described, no major issues.",Neutral,Amazon,Vikram Joshi,U1096
"Amazing quality, totally worth the price.",Positive,Amazon,Ananya Roy,U1097
"Delivery was on time, but packaging could be better.",Neutral,Amazon,Ananya Roy,U1098
The product exceeded my expectations and works flawlessly.,Positive,Amazon,Neha Gupta,U1099
Excellent customer service and great product.,Positive,Amazon,Sneha Patel,U1100
The item arrived on time and in perfect condition.,Positive,Amazon,Karan Mehta,U1101
The product stopped working after a few days.,Negative,Amazon,Ananya Roy,U1102
"Very poor quality, not worth the money.",Negative,Amazon,Neha Gupta,U1103
Customer service was unhelpful and rude.,Negative,Amazon,Vikram Joshi,U1104
"The experience was average, not bad.",Neutral,Amazon,Karan Mehta,U1105
Customer service was unhelpful and rude.,Negative,Flipkart,Karan Mehta,U1106
"I am disappointed, it did not meet my expectations.",Negative,Flipkart,Karan Mehta,U1107
"I am disappointed, it did not meet my expectations.",Negative,Flipkart,Priya Sharma,U1108
Customer service was unhelpful and rude.,Negative,Flipkart,Arjun Singh,U1109
Excellent customer service and great product.,Positive,Flipkart,Neha Gupta,U1110
The product is functional but lacks some features.,Neutral,Flipkart,Priya Sharma,U1111
The item arrived on time and in perfect condition.,Positive,Flipkart,Raj Verma,U1112
The product is functional but lacks some features.,Neutral,Amazon,Karan Mehta,U1113
"The product is okay, nothing special.",Neutral,Amazon,Ananya Roy,U1114
The product is functional but lacks some features.,Neutral,Amazon,Sneha Patel,U1115
"Very poor quality, not worth the money.",Negative,Flipkart,Arjun Singh,U1116
The item arrived on time and in perfect condition.,Positive,Amazon,Priya Sharma,U1117
"I am very satisfied with my purchase, highly recommend.",Positive,Flipkart,Neha Gupta,U1118
"It works as described, no major issues.",Neutral,Amazon,Arjun Singh,U1119
The product is functional but lacks some features.,Neutral,Amazon,Sneha Patel,U1120
Excellent customer service and great product.,Positive,Amazon,Karan Mehta,U1121
"It works as described, no major issues.",Neutral,Amazon,Ananya Roy,U1122
"The product is okay, nothing special.",Neutral,Flipkart,Ananya Roy,U1123
The product is functional but lacks some features.,Neutral,Flipkart,Ananya Roy,U1124
"Delivery was on time, but packaging could be better.",Neutral,Amazon,Ananya Roy,U1125
"Very poor quality, not worth the money.",Negative,Flipkart,Neha Gupta,U1126
"Very poor quality, not worth the money.",Negative,Amazon,Arjun Singh,U1127
"The product is okay, nothing special.",Neutral,Flipkart,Priya Sharma,U1128
"The experience was average, not bad.",Neutral,Amazon,Sneha Patel,U1129
The item arrived on time and in perfect condition.,Positive,Flipkart,Priya Sharma,U1130
The product stopped working after a few days.,Negative,Amazon,Arjun Singh,U1131
"Very poor quality, not worth the money.",Negative,Flipkart,Vikram Joshi,U1132
"Amazing quality, totally worth the price.",Positive,Amazon,Ananya Roy,U1133
Item arrived late and was damaged.,Negative,Flipkart,Priya Sharma,U1134
Customer service was unhelpful and rude.,Negative,Flipkart,Neha Gupta,U1135
"It works as described, no major issues.",Neutral,Amazon,Ananya Roy,U1136
"The experience was average, not bad.",Neutral,Amazon,Ananya Roy,U1137
"I am very satisfied with my purchase, highly recommend.",Positive,Amazon,Vikram Joshi,U1138
"Amazing quality, totally worth the price.",Positive,Flipkart,Priya Sharma,U1139
The product exceeded my expectations and works flawlessly.,Positive,Flipkart,Priya Sharma,U1140
The product exceeded my expectations and works flawlessly.,Positive,Amazon,Raj Verma,U1141
"Very poor quality, not worth the money.",Negative,Amazon,Vikram Joshi,U1142
"I am disappointed, it did not meet my expectations.",Negative,Amazon,Neha Gupta,U1143
"The experience was average, not bad.",Neutral,Amazon,Sneha Patel,U1144
The product is functional but lacks some features.,Neutral,Flipkart,Raj Verma,U1145
"Amazing quality, totally worth the price.",Positive,Flipkart,Sneha Patel,U1146
Excellent customer service and great product.,Positive,Flipkart,Ananya Roy,U1147
"Delivery was on time, but packaging could be better.",Neutral,Amazon,Ananya Roy,U1148
"The experience was average, not bad.",Neutral,Flipkart,Ananya Roy,U1149
"I am very satisfied with my purchase, highly recommend.",Positive,Amazon,Neha Gupta,U1150
"The experience was average, not bad.",Neutral,Flipkart,Raj Verma,U1151
Customer service was unhelpful and rude.,Negative,Amazon,Sneha Patel,U1152
Customer service was unhelpful and rude.,Negative,Amazon,Sneha Patel,U1153
"The experience was average, not bad.",Neutral,Flipkart,Ananya Roy,U1154
The product is functional but lacks some features.,Neutral,Amazon,Raj Verma,U1155
"Amazing quality, totally worth the price.",Positive,Amazon,Ananya Roy,U1156
"I am very satisfied with my purchase, highly recommend.",Positive,Flipkart,Neha Gupta,U1157
"It works as described, no major issues.",Neutral,Amazon,Priya Sharma,U1158
The product is functional but lacks some features.,Neutral,Flipkart,Ananya Roy,U1159
"I am very satisfied with my purchase, highly recommend.",Positive,Flipkart,Raj Verma,U1160
"The experience was average, not bad.",Neutral,Amazon,Raj Verma,U1161
"The product is okay, nothing special.",Neutral,Flipkart,Arjun Singh,U1162
The product is functional but lacks some features.,Neutral,Flipkart,Arjun Singh,U1163
The product stopped working after a few days.,Negative,Amazon,Raj Verma,U1164
"Delivery was on time, but packaging could be better.",Neutral,Amazon,Raj Verma,U1165
"Delivery was on time, but packaging could be better.",Neutral,Amazon,Neha Gupta,U1166
The item arrived on time and in perfect condition.,Positive,Flipkart,Karan Mehta,U1167
Customer service was unhelpful and rude.,Negative,Flipkart,Raj Verma,U1168
"I am disappointed, it did not meet my expectations.",Negative,Flipkart,Neha Gupta,U1169
"The product is okay, nothing special.",Neutral,Flipkart,Raj Verma,U1170
"I am very satisfied with my purchase, highly recommend.",Positive,Amazon,Raj Verma,U1171
"Amazing quality, totally worth the price.",Positive,Amazon,Neha Gupta,U1172
"Amazing quality, totally worth the price.",Positive,Amazon,Raj Verma,U1173
"It works as described, no major issues.",Neutral,Flipkart,Raj Verma,U1174
The item arrived on time and in perfect condition.,Positive,Amazon,Neha Gupta,U1175
"It works as described, no major issues.",Neutral,Flipkart,Neha Gupta,U1176
"Amazing quality, totally worth the price.",Positive,Amazon,Sneha Patel,U1177
"Amazing quality, totally worth the price.",Positive,Amazon,Sneha Patel,U1178
Excellent customer service and great product.,Positive,Flipkart,Raj Verma,U1179
Item arrived late and was damaged.,Negative,Amazon,Ananya Roy,U1180
"Amazing quality, totally worth the price.",Positive,Flipkart,Vikram Joshi,U1181
"It works as described, no major issues.",Neutral,Amazon,Sneha Patel,U1182
The product stopped working after a few days.,Negative,Flipkart,Neha Gupta,U1183
"I am very satisfied with my purchase, highly recommend.",Positive,Flipkart,Neha Gupta,U1184
"The experience was average, not bad.",Neutral,Flipkart,Arjun Singh,U1185
"Amazing quality, totally worth the price.",Positive,Amazon,Ananya Roy,U1186
Excellent customer service and great product.,Positive,Flipkart,Ananya Roy,U1187
"I am very satisfied with my purchase, highly recommend.",Positive,Flipkart,Ananya Roy,U1188
"Amazing quality, totally worth the price.",Positive,Flipkart,Arjun Singh,U1189
Excellent customer service and great product.,Positive,Flipkart,Priya Sharma,U1190
Excellent customer service and great product.,Positive,Amazon,Neha Gupta,U1191
"It works as described, no major issues.",Neutral,Amazon,Vikram Joshi,U1192
"The experience was average, not bad.",Neutral,Flipkart,Karan Mehta,U1193
"I am very satisfied with my purchase, highly recommend.",Positive,Flipkart,Sneha Patel,U1194
The product stopped working after a few days.,Negative,Flipkart,Ananya Roy,U1195
"Very poor quality, not worth the money.",Negative,Flipkart,Raj Verma,U1196
"The experience was average, not bad.",Neutral,Flipkart,Sneha Patel,U1197
Excellent customer service and great product.,Positive,Amazon,Neha Gupta,U1198
"I am disappointed, it did not meet my expectations.",Negative,Amazon,Vikram Joshi,U1199
The product is functional but lacks some features.,Neutral,Amazon,Sneha Patel,U1200
"I am disappointed, it did not meet my expectations.",Negative,Amazon,Raj Verma,U1201
"I am disappointed, it did not meet my expectations.",Negative,Amazon,Neha Gupta,U1202
Customer service was unhelpful and rude.,Negative,Flipkart,Neha Gupta,U1203
Item arrived late and was damaged.,Negative,Amazon,Vikram Joshi,U1204
"I am disappointed, it did not meet my expectations.",Negative,Amazon,Priya Sharma,U1205
The product is functional but lacks some features.,Neutral,Flipkart,Karan Mehta,U1206
"I am disappointed, it did not meet my expectations.",Negative,Flipkart,Arjun Singh,U1207
The item arrived on time and in perfect condition.,Positive,Flipkart,Karan Mehta,U1208
The product exceeded my expectations and works flawlessly.,Positive,Flipkart,Arjun Singh,U1209
The product stopped working after a few days.,Negative,Amazon,Neha Gupta,U1210
"I am very satisfied with my purchase, highly recommend.",Positive,Flipkart,Raj Verma,U1211
The item arrived on time and in perfect condition.,Positive,Flipkart,Ananya Roy,U1212
The product stopped working after a few days.,Negative,Flipkart,Neha Gupta,U1213
Item arrived late and was damaged.,Negative,Amazon,Neha Gupta,U1214
"Amazing quality, totally worth the price.",Positive,Flipkart,Priya Sharma,U1215
The product is functional but lacks some features.,Neutral,Amazon,Ananya Roy,U1216
The item arrived on time and in perfect condition.,Positive,Amazon,Karan Mehta,U1217
The product stopped working after a few days.,Negative,Flipkart,Vikram Joshi,U1218
"Very poor quality, not worth the money.",Negative,Flipkart,Vikram Joshi,U1219
The item arrived on time and in perfect condition.,Positive,Flipkart,Sneha Patel,U1220
The product exceeded my expectations and works flawlessly.,Positive,Amazon,Vikram Joshi,U1221
The product stopped working after a few days.,Negative,Flipkart,Sneha Patel,U1222
The product exceeded my expectations and works flawlessly.,Positive,Amazon,Arjun Singh,U1223
"The experience was average, not bad.",Neutral,Flipkart,Arjun Singh,U1224
"Very poor quality, not worth the money.",Negative,Amazon,Raj Verma,U1225
The product exceeded my expectations and works flawlessly.,Positive,Flipkart,Neha Gupta,U1226
"It works as described, no major issues.",Neutral,Amazon,Vikram Joshi,U1227
Excellent customer service and great product.,Positive,Amazon,Ananya Roy,U1228
"It works as described, no major issues.",Neutral,Flipkart,Priya Sharma,U1229
"It works as described, no major issues.",Neutral,Amazon,Karan Mehta,U1230
The product stopped working after a few days.,Negative,Amazon,Priya Sharma,U1231
"I am disappointed, it did not meet my expectations.",Negative,Amazon,Sneha Patel,U1232
"I am disappointed, it did not meet my expectations.",Negative,Amazon,Raj Verma,U1233
"The experience was average, not bad.",Neutral,Flipkart,Ananya Roy,U1234
"I am very satisfied with my purchase, highly recommend.",Positive,Flipkart,Vikram Joshi,U1235
"Very poor quality, not worth the money.",Negative,Amazon,Karan Mehta,U1236
"I am disappointed, it did not meet my expectations.",Negative,Amazon,Arjun Singh,U1237
The product stopped working after a few days.,Negative,Flipkart,Priya Sharma,U1238
The product exceeded my expectations and works flawlessly.,Positive,Amazon,Ananya Roy,U1239
"The product is okay, nothing special.",Neutral,Amazon,Arjun Singh,U1240
"I am very satisfied with my purchase, highly recommend.",Positive,Amazon,Raj Verma,U1241
The product exceeded my expectations and works flawlessly.,Positive,Amazon,Sneha Patel,U1242
"Amazing quality, totally worth the price.",Positive,Amazon,Priya Sharma,U1243
"The experience was average, not bad.",Neutral,Flipkart,Ananya Roy,U1244
The product exceeded my expectations and works flawlessly.,Positive,Flipkart,Neha Gupta,U1245
The product is functional but lacks some features.,Neutral,Amazon,Karan Mehta,U1246
The product exceeded my expectations and works flawlessly.,Positive,Flipkart,Karan Mehta,U1247
"The product is okay, nothing special.",Neutral,Amazon,Neha Gupta,U1248
"Delivery was on time, but packaging could be better.",Neutral,Flipkart,Arjun Singh,U1249
Customer service was unhelpful and rude.,Negative,Flipkart,Vikram Joshi,U1250
The item arrived on time and in perfect condition.,Positive,Amazon,Arjun Singh,U1251
"Very poor quality, not worth the money.",Negative,Amazon,Arjun Singh,U1252
"I am disappointed, it did not meet my expectations.",Negative,Flipkart,Karan Mehta,U1253
Item arrived late and was damaged.,Negative,Amazon,Arjun Singh,U1254
The product stopped working after a few days.,Negative,Amazon,Ananya Roy,U1255
"Amazing quality, totally worth the price.",Positive,Amazon,Ananya Roy,U1256
"It works as described, no major issues.",Neutral,Amazon,Arjun Singh,U1257
The product exceeded my expectations and works flawlessly.,Positive,Flipkart,Vikram Joshi,U1258
"It works as described, no major issues.",Neutral,Flipkart,Raj Verma,U1259
"Delivery was on time, but packaging could be better.",Neutral,Flipkart,Karan Mehta,U1260
"The product is okay, nothing special.",Neutral,Flipkart,Vikram Joshi,U1261
"I am disappointed, it did not meet my expectations.",Negative,Flipkart,Vikram Joshi,U1262
"Amazing quality, totally worth the price.",Positive,Amazon,Karan Mehta,U1263
"The experience was average, not bad.",Neutral,Flipkart,Vikram Joshi,U1264
Item arrived late and was damaged.,Negative,Amazon,Karan Mehta,U1265
"Amazing quality, totally worth the price.",Positive,Flipkart,Priya Sharma,U1266
"Very poor quality, not worth the money.",Negative,Amazon,Karan Mehta,U1267
"The product is okay, nothing special.",Neutral,Flipkart,Neha Gupta,U1268
"I am very satisfied with my purchase, highly recommend.",Positive,Flipkart,Vikram Joshi,U1269
"Very poor quality, not worth the money.",Negative,Flipkart,Priya Sharma,U1270
Excellent customer service and great product.,Positive,Flipkart,Neha Gupta,U1271
"Very poor quality, not worth the money.",Negative,Amazon,Raj Verma,U1272
"The product is okay, nothing special.",Neutral,Flipkart,Raj Verma,U1273
"The experience was average, not bad.",Neutral,Amazon,Vikram Joshi,U1274
Item arrived late and was damaged.,Negative,Flipkart,Priya Sharma,U1275
"I am disappointed, it did not meet my expectations.",Negative,Flipkart,Neha Gupta,U1276
"The product is okay, nothing special.",Neutral,Amazon,Ananya Roy,U1277
The product is functional but lacks some features.,Neutral,Amazon,Sneha Patel,U1278
"I am very satisfied with my purchase, highly recommend.",Positive,Amazon,Neha Gupta,U1279
"The product is okay, nothing special.",Neutral,Flipkart,Karan Mehta,U1280
Customer service was unhelpful and rude.,Negative,Amazon,Arjun Singh,U1281
"I am very satisfied with my purchase, highly recommend.",Positive,Flipkart,Arjun Singh,U1282
Excellent customer service and great product.,Positive,Amazon,Karan Mehta,U1283
Customer service was unhelpful and rude.,Negative,Flipkart,Karan Mehta,U1284
"I am very satisfied with my purchase, highly recommend.",Positive,Flipkart,Raj Verma,U1285
The item arrived on time and in perfect condition.,Positive,Amazon,Arjun Singh,U1286
"It works as described, no major issues.",Neutral,Amazon,Ananya Roy,U1287
The product stopped working after a few days.,Negative,Amazon,Vikram Joshi,U1288
The product stopped working after a few days.,Negative,Amazon,Arjun Singh,U1289
"The experience was average, not bad.",Neutral,Flipkart,Priya Sharma,U1290
"Very poor quality, not worth the money.",Negative,Amazon,Vikram Joshi,U1291
"It works as described, no major issues.",Neutral,Flipkart,Neha Gupta,U1292
Excellent customer service and great product.,Positive,Flipkart,Neha Gupta,U1293
Customer service was unhelpful and rude.,Negative,Flipkart,Priya Sharma,U1294
Excellent customer service and great product.,Positive,Amazon,Karan Mehta,U1295
"The experience was average, not bad.",Neutral,Amazon,Ananya Roy,U1296
The product is functional but lacks some features.,Neutral,Flipkart,Arjun Singh,U1297
Excellent customer service and great product.,Positive,Amazon,Neha Gupta,U1298
The item arrived on time and in perfect condition.,Positive,Flipkart,Raj Verma,U1299
"The experience was average, not bad.",Neutral,Amazon,Arjun Singh,U1300
Excellent customer service and great product.,Positive,Flipkart,Neha Gupta,U1301
The product is functional but lacks some features.,Neutral,Amazon,Priya Sharma,U1302
The item arrived on time and in perfect condition.,Positive,Amazon,Karan Mehta,U1303
"The experience was average, not bad.",Neutral,Flipkart,Vikram Joshi,U1304
The item arrived on time and in perfect condition.,Positive,Amazon,Raj Verma,U1305
"The experience was average, not bad.",Neutral,Flipkart,Sneha Patel,U1306
"The experience was average, not bad.",Neutral,Amazon,Arjun Singh,U1307
"Delivery was on time, but packaging could be better.",Neutral,Flipkart,Priya Sharma,U1308
"It works as described, no major issues.",Neutral,Amazon,Neha Gupta,U1309
"I am very satisfied with my purchase, highly recommend.",Positive,Flipkart,Raj Verma,U1310
"Very poor quality, not worth the money.",Negative,Amazon,Priya Sharma,U1311
"It works as described, no major issues.",Neutral,Flipkart,Priya Sharma,U1312
Excellent customer service and great product.,Positive,Flipkart,Priya Sharma,U1313
"The product is okay, nothing special.",Neutral,Flipkart,Karan Mehta,U1314
The product is functional but lacks some features.,Neutral,Flipkart,Arjun Singh,U1315
"Amazing quality, totally worth the price.",Positive,Amazon,Priya Sharma,U1316
"The product is okay, nothing special.",Neutral,Amazon,Neha Gupta,U1317
Excellent customer service and great product.,Positive,Amazon,Sneha Patel,U1318
"The product is okay, nothing special.",Neutral,Flipkart,Sneha Patel,U1319
"The product is okay, nothing special.",Neutral,Amazon,Priya Sharma,U1320
The product is functional but lacks some features.,Neutral,Flipkart,Arjun Singh,U1321
"I am disappointed, it did not meet my expectations.",Negative,Flipkart,Neha Gupta,U1322
"The experience was average, not bad.",Neutral,Flipkart,Vikram Joshi,U1323
"I am disappointed, it did not meet my expectations.",Negative,Amazon,Neha Gupta,U1324
"I am very satisfied with my purchase, highly recommend.",Positive,Amazon,Sneha Patel,U1325
The item arrived on time and in perfect condition.,Positive,Amazon,Vikram Joshi,U1326
"It works as described, no major issues.",Neutral,Amazon,Neha Gupta,U1327
"Very poor quality, not worth the money.",Negative,Amazon,Raj Verma,U1328
"The product is okay, nothing special.",Neutral,Flipkart,Priya Sharma,U1329
Item arrived late and was damaged.,Negative,Flipkart,Vikram Joshi,U1330
"Delivery was on time, but packaging could be better.",Neutral,Amazon,Ananya Roy,U1331
The product stopped working after a few days.,Negative,Flipkart,Priya Sharma,U1332
"I am very satisfied with my purchase, highly recommend.",Positive,Flipkart,Ananya Roy,U1333
"I am very satisfied with my purchase, highly recommend.",Positive,Amazon,Raj Verma,U1334
"Very poor quality, not worth the money.",Negative,Amazon,Raj Verma,U1335
Excellent customer service and great product.,Positive,Amazon,Ananya Roy,U1336
The product is functional but lacks some features.,Neutral,Amazon,Raj Verma,U1337
Excellent customer service and great product.,Positive,Amazon,Sneha Patel,U1338
"I am disappointed, it did not meet my expectations.",Negative,Flipkart,Sneha Patel,U1339
The product is functional but lacks some features.,Neutral,Flipkart,Arjun Singh,U1340
The item arrived on time and in perfect condition.,Positive,Amazon,Raj Verma,U1341
Excellent customer service and great product.,Positive,Flipkart,Karan Mehta,U1342
The item arrived on time and in perfect condition.,Positive,Flipkart,Priya Sharma,U1343
"It works as described, no major issues.",Neutral,Amazon,Neha Gupta,U1344
"I am disappointed, it did not meet my expectations.",Negative,Flipkart,Sneha Patel,U1345
The product exceeded my expectations and works flawlessly.,Positive,Flipkart,Sneha Patel,U1346
"It works as described, no major issues.",Neutral,Flipkart,Karan Mehta,U1347
"Delivery was on time, but packaging could be better.",Neutral,Flipkart,Neha Gupta,U1348
"Delivery was on time, but packaging could be better.",Neutral,Flipkart,Sneha Patel,U1349
"Very poor quality, not worth the money.",Negative,Amazon,Sneha Patel,U1350
"The product is okay, nothing special.",Neutral,Flipkart,Vikram Joshi,U1351
"I am very satisfied with my purchase, highly recommend.",Positive,Flipkart,Vikram Joshi,U1352
"It works as described, no major issues.",Neutral,Flipkart,Neha Gupta,U1353
"I am very satisfied with my purchase, highly recommend.",Positive,Flipkart,Raj Verma,U1354
The item arrived on time and in perfect condition.,Positive,Amazon,Sneha Patel,U1355
Excellent customer service and great product.,Positive,Amazon,Priya Sharma,U1356
"Very poor quality, not worth the money.",Negative,Amazon,Sneha Patel,U1357
"I am disappointed, it did not meet my expectations.",Negative,Amazon,Arjun Singh,U1358
"I am disappointed, it did not meet my expectations.",Negative,Flipkart,Raj Verma,U1359
"Amazing quality, totally worth the price.",Positive,Amazon,Neha Gupta,U1360
Customer service was unhelpful and rude.,Negative,Flipkart,Karan Mehta,U1361
"I am very satisfied with my purchase, highly recommend.",Positive,Amazon,Ananya Roy,U1362
"Very poor quality, not worth the money.",Negative,Amazon,Priya Sharma,U1363
Customer service was unhelpful and rude.,Negative,Amazon,Sneha Patel,U1364
Customer service was unhelpful and rude.,Negative,Flipkart,Neha Gupta,U1365
"The experience was average, not bad.",Neutral,Flipkart,Raj Verma,U1366
"The experience was average, not bad.",Neutral,Amazon,Vikram Joshi,U1367
"I am disappointed, it did not meet my expectations.",Negative,Amazon,Vikram Joshi,U1368
Customer service was unhelpful and rude.,Negative,Amazon,Karan Mehta,U1369
"The product is okay, nothing special.",Neutral,Amazon,Arjun Singh,U1370
"It works as described, no major issues.",Neutral,Flipkart,Priya Sharma,U1371
"It works as described, no major issues.",Neutral,Flipkart,Vikram Joshi,U1372
"I am very satisfied with my purchase, highly recommend.",Positive,Amazon,Vikram Joshi,U1373
The product exceeded my expectations and works flawlessly.,Positive,Flipkart,Vikram Joshi,U1374
"It works as described, no major issues.",Neutral,Flipkart,Arjun Singh,U1375
The product stopped working after a few days.,Negative,Flipkart,Ananya Roy,U1376
"Delivery was on time, but packaging could be better.",Neutral,Amazon,Priya Sharma,U1377
"Delivery was on time, but packaging could be better.",Neutral,Flipkart,Neha Gupta,U1378
Customer service was unhelpful and rude.,Negative,Flipkart,Neha Gupta,U1379
The product stopped working after a few days.,Negative,Amazon,Arjun Singh,U1380
"It works as described, no major issues.",Neutral,Amazon,Raj Verma,U1381
The item arrived on time and in perfect condition.,Positive,Flipkart,Karan Mehta,U1382
"I am disappointed, it did not meet my expectations.",Negative,Flipkart,Karan Mehta,U1383
Excellent customer service and great product.,Positive,Amazon,Neha Gupta,U1384
"It works as described, no major issues.",Neutral,Amazon,Karan Mehta,U1385
The product stopped working after a few days.,Negative,Amazon,Neha Gupta,U1386
Customer service was unhelpful and rude.,Negative,Amazon,Raj Verma,U1387
"I am disappointed, it did not meet my expectations.",Negative,Amazon,Sneha Patel,U1388
The item arrived on time and in perfect condition.,Positive,Amazon,Neha Gupta,U1389
The product stopped working after a few days.,Negative,Flipkart,Priya Sharma,U1390
"Delivery was on time, but packaging could be better.",Neutral,Flipkart,Vikram Joshi,U1391
"The experience was average, not bad.",Neutral,Amazon,Neha Gupta,U1392
The item arrived on time and in perfect condition.,Positive,Amazon,Raj Verma,U1393
"I am disappointed, it did not meet my expectations.",Negative,Amazon,Sneha Patel,U1394
"Amazing quality, totally worth the price.",Positive,Amazon,Priya Sharma,U1395
"Amazing quality, totally worth the price.",Positive,Amazon,Arjun Singh,U1396
"The experience was average, not bad.",Neutral,Flipkart,Neha Gupta,U1397
"The product is okay, nothing special.",Neutral,Amazon,Raj Verma,U1398
Item arrived late and was damaged.,Negative,Flipkart,Arjun Singh,U1399
"The product is okay, nothing special.",Neutral,Amazon,Vikram Joshi,U1400
Item arrived late and was damaged.,Negative,Amazon,Arjun Singh,U1401
"Very poor quality, not worth the money.",Negative,Flipkart,Karan Mehta,U1402
Item arrived late and was damaged.,Negative,Flipkart,Priya Sharma,U1403
"I am very satisfied with my purchase, highly recommend.",Positive,Amazon,Raj Verma,U1404
Item arrived late and was damaged.,Negative,Amazon,Neha Gupta,U1405
The product is functional but lacks some features.,Neutral,Amazon,Raj Verma,U1406
Excellent customer service and great product.,Positive,Amazon,Sneha Patel,U1407
The product is functional but lacks some features.,Neutral,Flipkart,Arjun Singh,U1408
Item arrived late and was damaged.,Negative,Amazon,Ananya Roy,U1409
"Amazing quality, totally worth the price.",Positive,Flipkart,Vikram Joshi,U1410
"Amazing quality, totally worth the price.",Positive,Amazon,Karan Mehta,U1411
The product stopped working after a few days.,Negative,Flipkart,Raj Verma,U1412
The product is functional but lacks some features.,Neutral,Amazon,Sneha Patel,U1413
"Delivery was on time, but packaging could be better.",Neutral,Amazon,Arjun Singh,U1414
The item arrived on time and in perfect condition.,Positive,Flipkart,Priya Sharma,U1415
"Amazing quality, totally worth the price.",Positive,Flipkart,Neha Gupta,U1416
"Delivery was on time, but packaging could be better.",Neutral,Amazon,Arjun Singh,U1417
The product is functional but lacks some features.,Neutral,Flipkart,Neha Gupta,U1418
"Delivery was on time, but packaging could be better.",Neutral,Amazon,Sneha Patel,U1419
Excellent customer service and great product.,Positive,Amazon,Priya Sharma,U1420
"Delivery was on time, but packaging could be better.",Neutral,Flipkart,Sneha Patel,U1421
"Delivery was on time, but packaging could be better.",Neutral,Amazon,Ananya Roy,U1422
The product is functional but lacks some features.,Neutral,Amazon,Ananya Roy,U1423
Item arrived late and was damaged.,Negative,Flipkart,Priya Sharma,U1424
Customer service was unhelpful and rude.,Negative,Amazon,Raj Verma,U1425
"The product is okay, nothing special.",Neutral,Flipkart,Ananya Roy,U1426
"Delivery was on time, but packaging could be better.",Neutral,Flipkart,Vikram Joshi,U1427
Excellent customer service and great product.,Positive,Amazon,Arjun Singh,U1428
The product stopped working after a few days.,Negative,Flipkart,Ananya Roy,U1429
Item arrived late and was damaged.,Negative,Amazon,Priya Sharma,U1430
The product stopped working after a few days.,Negative,Flipkart,Vikram Joshi,U1431
The item arrived on time and in perfect condition.,Positive,Flipkart,Karan Mehta,U1432
"The product is okay, nothing special.",Neutral,Flipkart,Sneha Patel,U1433
Excellent customer service and great product.,Positive,Flipkart,Arjun Singh,U1434
"I am very satisfied with my purchase, highly recommend.",Positive,Amazon,Karan Mehta,U1435
"The product is okay, nothing special.",Neutral,Amazon,Karan Mehta,U1436
"Very poor quality, not worth the money.",Negative,Amazon,Neha Gupta,U1437
The product exceeded my expectations and works flawlessly.,Positive,Flipkart,Raj Verma,U1438
"I am very satisfied with my purchase, highly recommend.",Positive,Flipkart,Raj Verma,U1439
"The experience was average, not bad.",Neutral,Flipkart,Vikram Joshi,U1440
The product exceeded my expectations and works flawlessly.,Positive,Flipkart,Sneha Patel,U1441
"The product is okay, nothing special.",Neutral,Amazon,Sneha Patel,U1442
"Amazing quality, totally worth the price.",Positive,Flipkart,Arjun Singh,U1443
Customer service was unhelpful and rude.,Negative,Flipkart,Sneha Patel,U1444
"Amazing quality, totally worth the price.",Positive,Flipkart,Priya Sharma,U1445
"I am disappointed, it did not meet my expectations.",Negative,Amazon,Arjun Singh,U1446
"It works as described, no major issues.",Neutral,Flipkart,Priya Sharma,U1447
The product exceeded my expectations and works flawlessly.,Positive,Flipkart,Raj Verma,U1448
Item arrived late and was damaged.,Negative,Flipkart,Raj Verma,U1449
"Amazing quality, totally worth the price.",Positive,Amazon,Vikram Joshi,U1450
"I am disappointed, it did not meet my expectations.",Negative,Amazon,Raj Verma,U1451
The product exceeded my expectations and works flawlessly.,Positive,Flipkart,Priya Sharma,U1452
The product stopped working after a few days.,Negative,Amazon,Neha Gupta,U1453
Excellent customer service and great product.,Positive,Amazon,Raj Verma,U1454
"Amazing quality, totally worth the price.",Positive,Flipkart,Vikram Joshi,U1455
Item arrived late and was damaged.,Negative,Flipkart,Raj Verma,U1456
"I am disappointed, it did not meet my expectations.",Negative,Flipkart,Neha Gupta,U1457
"It works as described, no major issues.",Neutral,Amazon,Ananya Roy,U1458
Excellent customer service and great product.,Positive,Amazon,Ananya Roy,U1459
Excellent customer service and great product.,Positive,Amazon,Karan Mehta,U1460
"Very poor quality, not worth the money.",Negative,Flipkart,Sneha Patel,U1461
"The experience was average, not bad.",Neutral,Amazon,Priya Sharma,U1462
Customer service was unhelpful and rude.,Negative,Flipkart,Neha Gupta,U1463
Excellent customer service and great product.,Positive,Flipkart,Raj Verma,U1464
"I am very satisfied with my purchase, highly recommend.",Positive,Amazon,Neha Gupta,U1465
The product is functional but lacks some features.,Neutral,Flipkart,Karan Mehta,U1466
"I am disappointed, it did not meet my expectations.",Negative,Flipkart,Karan Mehta,U1467
"Delivery was on time, but packaging could be better.",Neutral,Flipkart,Neha Gupta,U1468
"It works as described, no major issues.",Neutral,Flipkart,Vikram Joshi,U1469
"Very poor quality, not worth the money.",Negative,Amazon,Ananya Roy,U1470
"Very poor quality, not worth the money.",Negative,Amazon,Raj Verma,U1471
The product exceeded my expectations and works flawlessly.,Positive,Flipkart,Karan Mehta,U1472
"Amazing quality, totally worth the price.",Positive,Flipkart,Arjun Singh,U1473
The product exceeded my expectations and works flawlessly.,Positive,Amazon,Arjun Singh,U1474
"Delivery was on time, but packaging could be better.",Neutral,Flipkart,Vikram Joshi,U1475
"Amazing quality, totally worth the price.",Positive,Flipkart,Karan Mehta,U1476
"Very poor quality, not worth the money.",Negative,Amazon,Ananya Roy,U1477
"It works as described, no major issues.",Neutral,Flipkart,Karan Mehta,U1478
"It works as described, no major issues.",Neutral,Amazon,Priya Sharma,U1479
Item arrived late and was damaged.,Negative,Amazon,Karan Mehta,U1480
"I am disappointed, it did not meet my expectations.",Negative,Flipkart,Ananya Roy,U1481
The product exceeded my expectations and works flawlessly.,Positive,Amazon,Neha Gupta,U1482
The product is functional but lacks some features.,Neutral,Flipkart,Arjun Singh,U1483
Excellent customer service and great product.,Positive,Flipkart,Priya Sharma,U1484
The product stopped working after a few days.,Negative,Flipkart,Vikram Joshi,U1485
"I am disappointed, it did not meet my expectations.",Negative,Amazon,Priya Sharma,U1486
The product is functional but lacks some features.,Neutral,Flipkart,Karan Mehta,U1487
The product exceeded my expectations and works flawlessly.,Positive,Flipkart,Raj Verma,U1488
The product stopped working after a few days.,Negative,Flipkart,Priya Sharma,U1489
"Very poor quality, not worth the money.",Negative,Amazon,Arjun Singh,U1490
The product is functional but lacks some features.,Neutral,Amazon,Vikram Joshi,U1491
"I am disappointed, it did not meet my expectations.",Negative,Amazon,Arjun Singh,U1492
"I am disappointed, it did not meet my expectations.",Negative,Flipkart,Karan Mehta,U1493
"I am disappointed, it did not meet my expectations.",Negative,Flipkart,Ananya Roy,U1494
"Very poor quality, not worth the money.",Negative,Amazon,Neha Gupta,U1495
"It works as described, no major issues.",Neutral,Flipkart,Arjun Singh,U1496
The product exceeded my expectations and works flawlessly.,Positive,Amazon,Vikram Joshi,U1497
"Delivery was on time, but packaging could be better.",Neutral,Amazon,Raj Verma,U1498
Item arrived late and was damaged.,Negative,Flipkart,Sneha Patel,U1499
The product is functional but lacks some features.,Neutral,Amazon,Neha Gupta,U1500
"It works as described, no major issues.",Neutral,Amazon,Priya Sharma,U1501
Item arrived late and was damaged.,Negative,Amazon,Raj Verma,U1502
The product exceeded my expectations and works flawlessly.,Positive,Amazon,Raj Verma,U1503
Item arrived late and was damaged.,Negative,Amazon,Sneha Patel,U1504
"Delivery was on time, but packaging could be better.",Neutral,Amazon,Priya Sharma,U1505
Item arrived late and was damaged.,Negative,Flipkart,Neha Gupta,U1506
Excellent customer service and great product.,Positive,Amazon,Ananya Roy,U1507
The product exceeded my expectations and works flawlessly.,Positive,Flipkart,Raj Verma,U1508
"Amazing quality, totally worth the price.",Positive,Flipkart,Arjun Singh,U1509
The item arrived on time and in perfect condition.,Positive,Amazon,Ananya Roy,U1510
Excellent customer service and great product.,Positive,Amazon,Ananya Roy,U1511
"Amazing quality, totally worth the price.",Positive,Flipkart,Priya Sharma,U1512
"Very poor quality, not worth the money.",Negative,Amazon,Vikram Joshi,U1513
"It works as described, no major issues.",Neutral,Flipkart,Priya Sharma,U1514
Customer service was unhelpful and rude.,Negative,Flipkart,Raj Verma,U1515
The product exceeded my expectations and works flawlessly.,Positive,Amazon,Vikram Joshi,U1516
"I am very satisfied with my purchase, highly recommend.",Positive,Amazon,Vikram Joshi,U1517
"The experience was average, not bad.",Neutral,Flipkart,Vikram Joshi,U1518
The product stopped working after a few days.,Negative,Amazon,Priya Sharma,U1519
"I am disappointed, it did not meet my expectations.",Negative,Amazon,Neha Gupta,U1520
"Amazing quality, totally worth the price.",Positive,Amazon,Vikram Joshi,U1521
"It works as described, no major issues.",Neutral,Amazon,Karan Mehta,U1522
The product stopped working after a few days.,Negative,Amazon,Karan Mehta,U1523
"I am very satisfied with my purchase, highly recommend.",Positive,Flipkart,Vikram Joshi,U1524
"The product is okay, nothing special.",Neutral,Amazon,Vikram Joshi,U1525
Excellent customer service and great product.,Positive,Flipkart,Priya Sharma,U1526
"It works as described, no major issues.",Neutral,Amazon,Neha Gupta,U1527
"Amazing quality, totally worth the price.",Positive,Amazon,Sneha Patel,U1528
Customer service was unhelpful and rude.,Negative,Amazon,Raj Verma,U1529
"I am disappointed, it did not meet my expectations.",Negative,Flipkart,Karan Mehta,U1530
"Delivery was on time, but packaging could be better.",Neutral,Flipkart,Raj Verma,U1531
The product stopped working after a few days.,Negative,Flipkart,Karan Mehta,U1532
The product exceeded my expectations and works flawlessly.,Positive,Amazon,Neha Gupta,U1533
Excellent customer service and great product.,Positive,Amazon,Priya Sharma,U1534
"Amazing quality, totally worth the price.",Positive,Flipkart,Priya Sharma,U1535
The item arrived on time and in perfect condition.,Positive,Amazon,Neha Gupta,U1536
"It works as described, no major issues.",Neutral,Flipkart,Priya Sharma,U1537
"I am very satisfied with my purchase, highly recommend.",Positive,Amazon,Karan Mehta,U1538
"The product is okay, nothing special.",Neutral,Flipkart,Ananya Roy,U1539
The product exceeded my expectations and works flawlessly.,Positive,Amazon,Ananya Roy,U1540
"Very poor quality, not worth the money.",Negative,Amazon,Arjun Singh,U1541
"It works as described, no major issues.",Neutral,Amazon,Arjun Singh,U1542
The product stopped working after a few days.,Negative,Amazon,Vikram Joshi,U1543
"I am disappointed, it did not meet my expectations.",Negative,Flipkart,Raj Verma,U1544
Item arrived late and was damaged.,Negative,Amazon,Ananya Roy,U1545
"It works as described, no major issues.",Neutral,Flipkart,Raj Verma,U1546
"Amazing quality, totally worth the price.",Positive,Amazon,Vikram Joshi,U1547
The item arrived on time and in perfect condition.,Positive,Flipkart,Sneha Patel,U1548
"The experience was average, not bad.",Neutral,Amazon,Neha Gupta,U1549
The product stopped working after a few days.,Negative,Flipkart,Ananya Roy,U1550
"Amazing quality, totally worth the price.",Positive,Flipkart,Priya Sharma,U1551
Excellent customer service and great product.,Positive,Flipkart,Neha Gupta,U1552
The product stopped working after a few days.,Negative,Flipkart,Karan Mehta,U1553
The product stopped working after a few days.,Negative,Amazon,Vikram Joshi,U1554
The item arrived on time and in perfect condition.,Positive,Flipkart,Neha Gupta,U1555
"Amazing quality, totally worth the price.",Positive,Flipkart,Karan Mehta,U1556
Item arrived late and was damaged.,Negative,Flipkart,Karan Mehta,U1557
Item arrived late and was damaged.,Negative,Amazon,Ananya Roy,U1558
"Very poor quality, not worth the money.",Negative,Amazon,Arjun Singh,U1559
The product is functional but lacks some features.,Neutral,Flipkart,Karan Mehta,U1560
"Delivery was on time, but packaging could be better.",Neutral,Flipkart,Raj Verma,U1561
"The product is okay, nothing special.",Neutral,Amazon,Ananya Roy,U1562
The product exceeded my expectations and works flawlessly.,Positive,Amazon,Vikram Joshi,U1563
"It works as described, no major issues.",Neutral,Amazon,Sneha Patel,U1564
"I am disappointed, it did not meet my expectations.",Negative,Flipkart,Priya Sharma,U1565
"Amazing quality, totally worth the price.",Positive,Amazon,Priya Sharma,U1566
"The experience was average, not bad.",Neutral,Amazon,Sneha Patel,U1567
Excellent customer service and great product.,Positive,Flipkart,Vikram Joshi,U1568
"Delivery was on time, but packaging could be better.",Neutral,Amazon,Neha Gupta,U1569
"Delivery was on time, but packaging could be better.",Neutral,Flipkart,Arjun Singh,U1570
"I am disappointed, it did not meet my expectations.",Negative,Amazon,Vikram Joshi,U1571
Item arrived late and was damaged.,Negative,Flipkart,Arjun Singh,U1572
Excellent customer service and great product.,Positive,Amazon,Vikram Joshi,U1573
Excellent customer service and great product.,Positive,Amazon,Neha Gupta,U1574
The product stopped working after a few days.,Negative,Flipkart,Ananya Roy,U1575
Item arrived late and was damaged.,Negative,Flipkart,Arjun Singh,U1576
Excellent customer service and great product.,Positive,Amazon,Ananya Roy,U1577
The item arrived on time and in perfect condition.,Positive,Amazon,Raj Verma,U1578
Excellent customer service and great product.,Positive,Amazon,Arjun Singh,U1579
The product stopped working after a few days.,Negative,Flipkart,Priya Sharma,U1580
Item arrived late and was damaged.,Negative,Amazon,Vikram Joshi,U1581
"It works as described, no major issues.",Neutral,Amazon,Priya Sharma,U1582
"The experience was average, not bad.",Neutral,Amazon,Raj Verma,U1583
The product is functional but lacks some features.,Neutral,Amazon,Raj Verma,U1584
Item arrived late and was damaged.,Negative,Flipkart,Priya Sharma,U1585
"I am disappointed, it did not meet my expectations.",Negative,Amazon,Priya Sharma,U1586
The product exceeded my expectations and works flawlessly.,Positive,Amazon,Neha Gupta,U1587
"Delivery was on time, but packaging could be better.",Neutral,Flipkart,Sneha Patel,U1588
"Delivery was on time, but packaging could be better.",Neutral,Amazon,Ananya Roy,U1589
Customer service was unhelpful and rude.,Negative,Amazon,Neha Gupta,U1590
"The experience was average, not bad.",Neutral,Flipkart,Sneha Patel,U1591
"Delivery was on time, but packaging could be better.",Neutral,Amazon,Karan Mehta,U1592
"The experience was average, not bad.",Neutral,Amazon,Neha Gupta,U1593
"Delivery was on time, but packaging could be better.",Neutral,Flipkart,Arjun Singh,U1594
"Very poor quality, not worth the money.",Negative,Amazon,Priya Sharma,U1595
"The experience was average, not bad.",Neutral,Amazon,Sneha Patel,U1596
The item arrived on time and in perfect condition.,Positive,Flipkart,Priya Sharma,U1597
"The product is okay, nothing special.",Neutral,Flipkart,Karan Mehta,U1598
The product stopped working after a few days.,Negative,Flipkart,Priya Sharma,U1599
"Amazing quality, totally worth the price.",Positive,Amazon,Priya Sharma,U1600
"I am disappointed, it did not meet my expectations.",Negative,Amazon,Arjun Singh,U1601
The product exceeded my expectations and works flawlessly.,Positive,Flipkart,Arjun Singh,U1602
"Amazing quality, totally worth the price.",Positive,Flipkart,Arjun Singh,U1603
"The experience was average, not bad.",Neutral,Flipkart,Ananya Roy,U1604
"The experience was average, not bad.",Neutral,Flipkart,Arjun Singh,U1605
"Very poor quality, not worth the money.",Negative,Flipkart,Sneha Patel,U1606
"It works as described, no major issues.",Neutral,Flipkart,Sneha Patel,U1607
"Very poor quality, not worth the money.",Negative,Flipkart,Raj Verma,U1608
"The experience was average, not bad.",Neutral,Amazon,Neha Gupta,U1609
"Amazing quality, totally worth the price.",Positive,Flipkart,Karan Mehta,U1610
"Delivery was on time, but packaging could be better.",Neutral,Amazon,Raj Verma,U1611
"I am very satisfied with my purchase, highly recommend.",Positive,Amazon,Arjun Singh,U1612
"The experience was average, not bad.",Neutral,Amazon,Raj Verma,U1613
"I am very satisfied with my purchase, highly recommend.",Positive,Amazon,Raj Verma,U1614
"The product is okay, nothing special.",Neutral,Flipkart,Vikram Joshi,U1615
Customer service was unhelpful and rude.,Negative,Flipkart,Ananya Roy,U1616
The product exceeded my expectations and works flawlessly.,Positive,Flipkart,Neha Gupta,U1617
The product is functional but lacks some features.,Neutral,Amazon,Sneha Patel,U1618
Excellent customer service and great product.,Positive,Flipkart,Neha Gupta,U1619
Excellent customer service and great product.,Positive,Flipkart,Neha Gupta,U1620
"I am very satisfied with my purchase, highly recommend.",Positive,Amazon,Raj Verma,U1621
Item arrived late and was damaged.,Negative,Flipkart,Vikram Joshi,U1622
"The experience was average, not bad.",Neutral,Amazon,Arjun Singh,U1623
The product stopped working after a few days.,Negative,Amazon,Ananya Roy,U1624
"It works as described, no major issues.",Neutral,Flipkart,Neha Gupta,U1625
"It works as described, no major issues.",Neutral,Amazon,Priya Sharma,U1626
"I am very satisfied with my purchase, highly recommend.",Positive,Amazon,Neha Gupta,U1627
"Very poor quality, not worth the money.",Negative,Flipkart,Raj Verma,U1628
"Amazing quality, totally worth the price.",Positive,Amazon,Vikram Joshi,U1629
"I am disappointed, it did not meet my expectations.",Negative,Amazon,Sneha Patel,U1630
The item arrived on time and in perfect condition.,Positive,Amazon,Arjun Singh,U1631
The product is functional but lacks some features.,Neutral,Flipkart,Vikram Joshi,U1632
"Amazing quality, totally worth the price.",Positive,Flipkart,Raj Verma,U1633
The item arrived on time and in perfect condition.,Positive,Amazon,Priya Sharma,U1634
"I am very satisfied with my purchase, highly recommend.",Positive,Amazon,Priya Sharma,U1635
The product stopped working after a few days.,Negative,Flipkart,Vikram Joshi,U1636
Item arrived late and was damaged.,Negative,Amazon,Karan Mehta,U1637
"I am disappointed, it did not meet my expectations.",Negative,Amazon,Priya Sharma,U1638
"It works as described, no major issues.",Neutral,Flipkart,Arjun Singh,U1639
"I am disappointed, it did not meet my expectations.",Negative,Flipkart,Sneha Patel,U1640
"The product is okay, nothing special.",Neutral,Amazon,Ananya Roy,U1641
"Amazing quality, totally worth the price.",Positive,Flipkart,Vikram Joshi,U1642
"I am disappointed, it did not meet my expectations.",Negative,Flipkart,Priya Sharma,U1643
"The experience was average, not bad.",Neutral,Flipkart,Ananya Roy,U1644
The product is functional but lacks some features.,Neutral,Flipkart,Ananya Roy,U1645
"Delivery was on time, but packaging could be better.",Neutral,Flipkart,Ananya Roy,U1646
The product is functional but lacks some features.,Neutral,Flipkart,Arjun Singh,U1647
"I am very satisfied with my purchase, highly recommend.",Positive,Flipkart,Vikram Joshi,U1648
Customer service was unhelpful and rude.,Negative,Flipkart,Priya Sharma,U1649
The product stopped working after a few days.,Negative,Amazon,Ananya Roy,U1650
The product stopped working after a few days.,Negative,Amazon,Karan Mehta,U1651
The product exceeded my expectations and works flawlessly.,Positive,Flipkart,Raj Verma,U1652
"I am disappointed, it did not meet my expectations.",Negative,Flipkart,Neha Gupta,U1653
Item arrived late and was damaged.,Negative,Amazon,Raj Verma,U1654
"Delivery was on time, but packaging could be better.",Neutral,Flipkart,Neha Gupta,U1655
"I am disappointed, it did not meet my expectations.",Negative,Flipkart,Raj Verma,U1656
"Delivery was on time, but packaging could be better.",Neutral,Flipkart,Raj Verma,U1657
"The experience was average, not bad.",Neutral,Flipkart,Vikram Joshi,U1658
"I am disappointed, it did not meet my expectations.",Negative,Flipkart,Karan Mehta,U1659
"I am very satisfied with my purchase, highly recommend.",Positive,Flipkart,Arjun Singh,U1660
"Amazing quality, totally worth the price.",Positive,Amazon,Sneha Patel,U1661
The item arrived on time and in perfect condition.,Positive,Flipkart,Raj Verma,U1662
The product stopped working after a few days.,Negative,Flipkart,Neha Gupta,U1663
"I am very satisfied with my purchase, highly recommend.",Positive,Flipkart,Priya Sharma,U1664
"I am very satisfied with my purchase, highly recommend.",Positive,Flipkart,Karan Mehta,U1665
Excellent customer service and great product.,Positive,Flipkart,Karan Mehta,U1666
"Very poor quality, not worth the money.",Negative,Amazon,Neha Gupta,U1667
"It works as described, no major issues.",Neutral,Flipkart,Neha Gupta,U1668
The product is functional but lacks some features.,Neutral,Amazon,Neha Gupta,U1669
"It works as described, no major issues.",Neutral,Flipkart,Arjun Singh,U1670
"I am disappointed, it did not meet my expectations.",Negative,Flipkart,Arjun Singh,U1671
"The experience was average, not bad.",Neutral,Amazon,Vikram Joshi,U1672
"Delivery was on time, but packaging could be better.",Neutral,Amazon,Priya Sharma,U1673
"The product is okay, nothing special.",Neutral,Flipkart,Sneha Patel,U1674
Item arrived late and was damaged.,Negative,Amazon,Neha Gupta,U1675
"Delivery was on time, but packaging could be better.",Neutral,Amazon,Neha Gupta,U1676
The product stopped working after a few days.,Negative,Flipkart,Priya Sharma,U1677
"Very poor quality, not worth the money.",Negative,Amazon,Raj Verma,U1678
The product exceeded my expectations and works flawlessly.,Positive,Flipkart,Arjun Singh,U1679
"Amazing quality, totally worth the price.",Positive,Amazon,Vikram Joshi,U1680
Customer service was unhelpful and rude.,Negative,Amazon,Priya Sharma,U1681
The item arrived on time and in perfect condition.,Positive,Amazon,Raj Verma,U1682
"Delivery was on time, but packaging could be better.",Neutral,Flipkart,Sneha Patel,U1683
The item arrived on time and in perfect condition.,Positive,Amazon,Karan Mehta,U1684
"Amazing quality, totally worth the price.",Positive,Flipkart,Raj Verma,U1685
The item arrived on time and in perfect condition.,Positive,Flipkart,Priya Sharma,U1686
"The experience was average, not bad.",Neutral,Amazon,Karan Mehta,U1687
The product stopped working after a few days.,Negative,Flipkart,Karan Mehta,U1688
"It works as described, no major issues.",Neutral,Amazon,Arjun Singh,U1689
"Delivery was on time, but packaging could be better.",Neutral,Amazon,Neha Gupta,U1690
The item arrived on time and in perfect condition.,Positive,Amazon,Sneha Patel,U1691
Customer service was unhelpful and rude.,Negative,Flipkart,Sneha Patel,U1692
"Delivery was on time, but packaging could be better.",Neutral,Flipkart,Raj Verma,U1693
The product exceeded my expectations and works flawlessly.,Positive,Amazon,Priya Sharma,U1694
The item arrived on time and in perfect condition.,Positive,Amazon,Vikram Joshi,U1695
"I am disappointed, it did not meet my expectations.",Negative,Flipkart,Neha Gupta,U1696
The product exceeded my expectations and works flawlessly.,Positive,Flipkart,Priya Sharma,U1697
"Delivery was on time, but packaging could be better.",Neutral,Flipkart,Raj Verma,U1698
The product exceeded my expectations and works flawlessly.,Positive,Amazon,Vikram Joshi,U1699
"The product is okay, nothing special.",Neutral,Flipkart,Karan Mehta,U1700
Excellent customer service and great product.,Positive,Amazon,Sneha Patel,U1701
The product stopped working after a few days.,Negative,Flipkart,Karan Mehta,U1702
"Very poor quality, not worth the money.",Negative,Amazon,Karan Mehta,U1703
"The product is okay, nothing special.",Neutral,Flipkart,Karan Mehta,U1704
"I am very satisfied with my purchase, highly recommend.",Positive,Amazon,Sneha Patel,U1705
"I am disappointed, it did not meet my expectations.",Negative,Amazon,Raj Verma,U1706
"The experience was average, not bad.",Neutral,Flipkart,Raj Verma,U1707
The product is functional but lacks some features.,Neutral,Amazon,Ananya Roy,U1708
"I am disappointed, it did not meet my expectations.",Negative,Amazon,Sneha Patel,U1709
"Amazing quality, totally worth the price.",Positive,Amazon,Neha Gupta,U1710
"I am disappointed, it did not meet my expectations.",Negative,Flipkart,Priya Sharma,U1711
Item arrived late and was damaged.,Negative,Flipkart,Raj Verma,U1712
"It works as described, no major issues.",Neutral,Flipkart,Sneha Patel,U1713
"Amazing quality, totally worth the price.",Positive,Flipkart,Raj Verma,U1714
"It works as described, no major issues.",Neutral,Amazon,Neha Gupta,U1715
"Amazing quality, totally worth the price.",Positive,Flipkart,Vikram Joshi,U1716
"The experience was average, not bad.",Neutral,Flipkart,Karan Mehta,U1717
"Very poor quality, not worth the money.",Negative,Flipkart,Arjun Singh,U1718
"Delivery was on time, but packaging could be better.",Neutral,Flipkart,Priya Sharma,U1719
"Amazing quality, totally worth the price.",Positive,Amazon,Karan Mehta,U1720
Customer service was unhelpful and rude.,Negative,Amazon,Karan Mehta,U1721
"I am very satisfied with my purchase, highly recommend.",Positive,Amazon,Arjun Singh,U1722
Excellent customer service and great product.,Positive,Flipkart,Neha Gupta,U1723
"It works as described, no major issues.",Neutral,Flipkart,Sneha Patel,U1724
Excellent customer service and great product.,Positive,Amazon,Sneha Patel,U1725
"Delivery was on time, but packaging could be better.",Neutral,Amazon,Vikram Joshi,U1726
"Amazing quality, totally worth the price.",Positive,Flipkart,Sneha Patel,U1727
"It works as described, no major issues.",Neutral,Amazon,Karan Mehta,U1728
The product exceeded my expectations and works flawlessly.,Positive,Flipkart,Karan Mehta,U1729
"Very poor quality, not worth the money.",Negative,Amazon,Vikram Joshi,U1730
The product stopped working after a few days.,Negative,Amazon,Vikram Joshi,U1731
"I am disappointed, it did not meet my expectations.",Negative,Amazon,Priya Sharma,U1732
"Amazing quality, totally worth the price.",Positive,Amazon,Arjun Singh,U1733
"I am disappointed, it did not meet my expectations.",Negative,Flipkart,Sneha Patel,U1734
The item arrived on time and in perfect condition.,Positive,Flipkart,Sneha Patel,U1735
"Delivery was on time, but packaging could be better.",Neutral,Flipkart,Sneha Patel,U1736
"Delivery was on time, but packaging could be better.",Neutral,Flipkart,Neha Gupta,U1737
The product stopped working after a few days.,Negative,Amazon,Raj Verma,U1738
"Delivery was on time, but packaging could be better.",Neutral,Flipkart,Vikram Joshi,U1739
Excellent customer service and great product.,Positive,Flipkart,Ananya Roy,U1740
"I am disappointed, it did not meet my expectations.",Negative,Amazon,Raj Verma,U1741
The product exceeded my expectations and works flawlessly.,Positive,Amazon,Arjun Singh,U1742
The item arrived on time and in perfect condition.,Positive,Flipkart,Sneha Patel,U1743
"Amazing quality, totally worth the price.",Positive,Flipkart,Sneha Patel,U1744
"Very poor quality, not worth the money.",Negative,Amazon,Ananya Roy,U1745
"Amazing quality, totally worth the price.",Positive,Amazon,Ananya Roy,U1746
"The experience was average, not bad.",Neutral,Flipkart,Raj Verma,U1747
The product stopped working after a few days.,Negative,Amazon,Karan Mehta,U1748
"Very poor quality, not worth the money.",Negative,Flipkart,Priya Sharma,U1749
"Amazing quality, totally worth the price.",Positive,Amazon,Raj Verma,U1750
"The product is okay, nothing special.",Neutral,Amazon,Neha Gupta,U1751
"It works as described, no major issues.",Neutral,Amazon,Priya Sharma,U1752
"Very poor quality, not worth the money.",Negative,Flipkart,Vikram Joshi,U1753
The product is functional but lacks some features.,Neutral,Amazon,Neha Gupta,U1754
"It works as described, no major issues.",Neutral,Amazon,Arjun Singh,U1755
"I am very satisfied with my purchase, highly recommend.",Positive,Amazon,Vikram Joshi,U1756
The product exceeded my expectations and works flawlessly.,Positive,Amazon,Ananya Roy,U1757
"Delivery was on time, but packaging could be better.",Neutral,Flipkart,Neha Gupta,U1758
"Delivery was on time, but packaging could be better.",Neutral,Amazon,Sneha Patel,U1759
Customer service was unhelpful and rude.,Negative,Amazon,Karan Mehta,U1760
"The product is okay, nothing special.",Neutral,Flipkart,Arjun Singh,U1761
"Very poor quality, not worth the money.",Negative,Amazon,Ananya Roy,U1762
"It works as described, no major issues.",Neutral,Amazon,Vikram Joshi,U1763
"It works as described, no major issues.",Neutral,Flipkart,Karan Mehta,U1764
"I am very satisfied with my purchase, highly recommend.",Positive,Amazon,Raj Verma,U1765
"The experience was average, not bad.",Neutral,Amazon,Vikram Joshi,U1766
"Very poor quality, not worth the money.",Negative,Flipkart,Arjun Singh,U1767
"Delivery was on time, but packaging could be better.",Neutral,Flipkart,Ananya Roy,U1768
The item arrived on time and in perfect condition.,Positive,Flipkart,Priya Sharma,U1769
"It works as described, no major issues.",Neutral,Flipkart,Neha Gupta,U1770
The product stopped working after a few days.,Negative,Flipkart,Priya Sharma,U1771
"The experience was average, not bad.",Neutral,Amazon,Karan Mehta,U1772
"Delivery was on time, but packaging could be better.",Neutral,Flipkart,Karan Mehta,U1773
"Delivery was on time, but packaging could be better.",Neutral,Amazon,Vikram Joshi,U1774
"Amazing quality, totally worth the price.",Positive,Flipkart,Sneha Patel,U1775
Customer service was unhelpful and rude.,Negative,Amazon,Priya Sharma,U1776
The product is functional but lacks some features.,Neutral,Amazon,Karan Mehta,U1777
"I am disappointed, it did not meet my expectations.",Negative,Amazon,Priya Sharma,U1778
The product exceeded my expectations and works flawlessly.,Positive,Amazon,Sneha Patel,U1779
"The product is okay, nothing special.",Neutral,Amazon,Sneha Patel,U1780
"The experience was average, not bad.",Neutral,Amazon,Priya Sharma,U1781
The product is functional but lacks some features.,Neutral,Flipkart,Raj Verma,U1782
"I am very satisfied with my purchase, highly recommend.",Positive,Flipkart,Raj Verma,U1783
The item arrived on time and in perfect condition.,Positive,Amazon,Vikram Joshi,U1784
"I am very satisfied with my purchase, highly recommend.",Positive,Flipkart,Arjun Singh,U1785
Item arrived late and was damaged.,Negative,Amazon,Arjun Singh,U1786
The item arrived on time and in perfect condition.,Positive,Amazon,Raj Verma,U1787
The product stopped working after a few days.,Negative,Amazon,Arjun Singh,U1788
"I am very satisfied with my purchase, highly recommend.",Positive,Flipkart,Priya Sharma,U1789
"Delivery was on time, but packaging could be better.",Neutral,Amazon,Sneha Patel,U1790
Customer service was unhelpful and rude.,Negative,Amazon,Ananya Roy,U1791
The item arrived on time and in perfect condition.,Positive,Flipkart,Neha Gupta,U1792
"I am disappointed, it did not meet my expectations.",Negative,Flipkart,Raj Verma,U1793
"The product is okay, nothing special.",Neutral,Flipkart,Vikram Joshi,U1794
The product exceeded my expectations and works flawlessly.,Positive,Amazon,Ananya Roy,U1795
"Delivery was on time, but packaging could be better.",Neutral,Amazon,Ananya Roy,U1796
"The product is okay, nothing special.",Neutral,Amazon,Arjun Singh,U1797
"Amazing quality, totally worth the price.",Positive,Amazon,Vikram Joshi,U1798
"The experience was average, not bad.",Neutral,Flipkart,Neha Gupta,U1799
The product exceeded my expectations and works flawlessly.,Positive,Flipkart,Priya Sharma,U1800
Excellent customer service and great product.,Positive,Flipkart,Sneha Patel,U1801
"Very poor quality, not worth the money.",Negative,Amazon,Sneha Patel,U1802
The item arrived on time and in perfect condition.,Positive,Flipkart,Arjun Singh,U1803
"The experience was average, not bad.",Neutral,Flipkart,Ananya Roy,U1804
"Amazing quality, totally worth the price.",Positive,Amazon,Vikram Joshi,U1805
"The product is okay, nothing special.",Neutral,Amazon,Vikram Joshi,U1806
"The product is okay, nothing special.",Neutral,Flipkart,Vikram Joshi,U1807
The product is functional but lacks some features.,Neutral,Amazon,Arjun Singh,U1808
"I am very satisfied with my purchase, highly recommend.",Positive,Amazon,Neha Gupta,U1809
"I am very satisfied with my purchase, highly recommend.",Positive,Amazon,Raj Verma,U1810
The product is functional but lacks some features.,Neutral,Flipkart,Raj Verma,U1811
The item arrived on time and in perfect condition.,Positive,Flipkart,Raj Verma,U1812
"Amazing quality, totally worth the price.",Positive,Flipkart,Vikram Joshi,U1813
The item arrived on time and in perfect condition.,Positive,Amazon,Vikram Joshi,U1814
The product is functional but lacks some features.,Neutral,Amazon,Priya Sharma,U1815
The item arrived on time and in perfect condition.,Positive,Flipkart,Arjun Singh,U1816
"Delivery was on time, but packaging could be better.",Neutral,Flipkart,Arjun Singh,U1817
The item arrived on time and in perfect condition.,Positive,Flipkart,Neha Gupta,U1818
"The product is okay, nothing special.",Neutral,Amazon,Raj Verma,U1819
Customer service was unhelpful and rude.,Negative,Flipkart,Raj Verma,U1820
"It works as described, no major issues.",Neutral,Amazon,Sneha Patel,U1821
"I am disappointed, it did not meet my expectations.",Negative,Flipkart,Neha Gupta,U1822
Customer service was unhelpful and rude.,Negative,Amazon,Neha Gupta,U1823
"The product is okay, nothing special.",Neutral,Amazon,Sneha Patel,U1824
"The experience was average, not bad.",Neutral,Flipkart,Sneha Patel,U1825
The item arrived on time and in perfect condition.,Positive,Flipkart,Neha Gupta,U1826
"I am very satisfied with my purchase, highly recommend.",Positive,Flipkart,Priya Sharma,U1827
"The experience was average, not bad.",Neutral,Amazon,Sneha Patel,U1828
"Very poor quality, not worth the money.",Negative,Flipkart,Raj Verma,U1829
"Very poor quality, not worth the money.",Negative,Amazon,Sneha Patel,U1830
The product exceeded my expectations and works flawlessly.,Positive,Amazon,Priya Sharma,U1831
"The experience was average, not bad.",Neutral,Flipkart,Vikram Joshi,U1832
"It works as described, no major issues.",Neutral,Amazon,Priya Sharma,U1833
The product stopped working after a few days.,Negative,Amazon,Ananya Roy,U1834
"Amazing quality, totally worth the price.",Positive,Amazon,Raj Verma,U1835
Excellent customer service and great product.,Positive,Amazon,Karan Mehta,U1836
"Amazing quality, totally worth the price.",Positive,Amazon,Raj Verma,U1837
"Very poor quality, not worth the money.",Negative,Amazon,Vikram Joshi,U1838
"I am disappointed, it did not meet my expectations.",Negative,Flipkart,Priya Sharma,U1839
The product exceeded my expectations and works flawlessly.,Positive,Flipkart,Neha Gupta,U1840
"I am very satisfied with my purchase, highly recommend.",Positive,Amazon,Priya Sharma,U1841
"I am disappointed, it did not meet my expectations.",Negative,Amazon,Neha Gupta,U1842
Excellent customer service and great product.,Positive,Flipkart,Priya Sharma,U1843
The product stopped working after a few days.,Negative,Amazon,Ananya Roy,U1844
Item arrived late and was damaged.,Negative,Flipkart,Sneha Patel,U1845
"The experience was average, not bad.",Neutral,Amazon,Ananya Roy,U1846
"I am disappointed, it did not meet my expectations.",Negative,Amazon,Sneha Patel,U1847
The product stopped working after a few days.,Negative,Amazon,Ananya Roy,U1848
The product is functional but lacks some features.,Neutral,Amazon,Sneha Patel,U1849
Customer service was unhelpful and rude.,Negative,Amazon,Priya Sharma,U1850
"Amazing quality, totally worth the price.",Positive,Flipkart,Priya Sharma,U1851
"Delivery was on time, but packaging could be better.",Neutral,Amazon,Sneha Patel,U1852
"Delivery was on time, but packaging could be better.",Neutral,Amazon,Priya Sharma,U1853
"Delivery was on time, but packaging could be better.",Neutral,Amazon,Vikram Joshi,U1854
Item arrived late and was damaged.,Negative,Flipkart,Ananya Roy,U1855
"The product is okay, nothing special.",Neutral,Flipkart,Arjun Singh,U1856
Customer service was unhelpful and rude.,Negative,Flipkart,Arjun Singh,U1857
"It works as described, no major issues.",Neutral,Flipkart,Karan Mehta,U1858
The product is functional but lacks some features.,Neutral,Flipkart,Vikram Joshi,U1859
The product is functional but lacks some features.,Neutral,Flipkart,Priya Sharma,U1860
Excellent customer service and great product.,Positive,Amazon,Karan Mehta,U1861
The product stopped working after a few days.,Negative,Flipkart,Vikram Joshi,U1862
"I am very satisfied with my purchase, highly recommend.",Positive,Flipkart,Neha Gupta,U1863
The item arrived on time and in perfect condition.,Positive,Amazon,Vikram Joshi,U1864
"The product is okay, nothing special.",Neutral,Amazon,Neha Gupta,U1865
"It works as described, no major issues.",Neutral,Amazon,Neha Gupta,U1866
Item arrived late and was damaged.,Negative,Flipkart,Raj Verma,U1867
"I am very satisfied with my purchase, highly recommend.",Positive,Amazon,Raj Verma,U1868
Excellent customer service and great product.,Positive,Amazon,Vikram Joshi,U1869
"I am very satisfied with my purchase, highly recommend.",Positive,Flipkart,Karan Mehta,U1870
Customer service was unhelpful and rude.,Negative,Flipkart,Karan Mehta,U1871
"I am very satisfied with my purchase, highly recommend.",Positive,Flipkart,Vikram Joshi,U1872
Customer service was unhelpful and rude.,Negative,Amazon,Ananya Roy,U1873
"Amazing quality, totally worth the price.",Positive,Amazon,Raj Verma,U1874
"It works as described, no major issues.",Neutral,Flipkart,Ananya Roy,U1875
"I am very satisfied with my purchase, highly recommend.",Positive,Flipkart,Vikram Joshi,U1876
Item arrived late and was damaged.,Negative,Amazon,Ananya Roy,U1877
"It works as described, no major issues.",Neutral,Amazon,Raj Verma,U1878
"Amazing quality, totally worth the price.",Positive,Flipkart,Raj Verma,U1879
The product stopped working after a few days.,Negative,Amazon,Priya Sharma,U1880
The item arrived on time and in perfect condition.,Positive,Flipkart,Sneha Patel,U1881
Item arrived late and was damaged.,Negative,Flipkart,Vikram Joshi,U1882
"I am disappointed, it did not meet my expectations.",Negative,Flipkart,Neha Gupta,U1883
The item arrived on time and in perfect condition.,Positive,Flipkart,Karan Mehta,U1884
"It works as described, no major issues.",Neutral,Flipkart,Raj Verma,U1885
"I am disappointed, it did not meet my expectations.",Negative,Amazon,Neha Gupta,U1886
"I am disappointed, it did not meet my expectations.",Negative,Amazon,Ananya Roy,U1887
"Delivery was on time, but packaging could be better.",Neutral,Flipkart,Ananya Roy,U1888
"The product is okay, nothing special.",Neutral,Amazon,Sneha Patel,U1889
"Delivery was on time, but packaging could be better.",Neutral,Amazon,Ananya Roy,U1890
The product is functional but lacks some features.,Neutral,Flipkart,Sneha Patel,U1891
"The product is okay, nothing special.",Neutral,Amazon,Priya Sharma,U1892
The product is functional but lacks some features.,Neutral,Flipkart,Raj Verma,U1893
The product exceeded my expectations and works flawlessly.,Positive,Flipkart,Karan Mehta,U1894
Customer service was unhelpful and rude.,Negative,Flipkart,Karan Mehta,U1895
"The experience was average, not bad.",Neutral,Flipkart,Ananya Roy,U1896
"Delivery was on time, but packaging could be better.",Neutral,Amazon,Karan Mehta,U1897
"The product is okay, nothing special.",Neutral,Amazon,Sneha Patel,U1898
Excellent customer service and great product.,Positive,Flipkart,Sneha Patel,U1899
Customer service was unhelpful and rude.,Negative,Flipkart,Ananya Roy,U1900
The product is functional but lacks some features.,Neutral,Flipkart,Neha Gupta,U1901
The product stopped working after a few days.,Negative,Flipkart,Arjun Singh,U1902
"It works as described, no major issues.",Neutral,Amazon,Raj Verma,U1903
The product exceeded my expectations and works flawlessly.,Positive,Amazon,Priya Sharma,U1904
"The experience was average, not bad.",Neutral,Amazon,Karan Mehta,U1905
Customer service was unhelpful and rude.,Negative,Flipkart,Ananya Roy,U1906
"I am disappointed, it did not meet my expectations.",Negative,Flipkart,Neha Gupta,U1907
"The product is okay, nothing special.",Neutral,Amazon,Vikram Joshi,U1908
The item arrived on time and in perfect condition.,Positive,Amazon,Raj Verma,U1909
"It works as described, no major issues.",Neutral,Flipkart,Karan Mehta,U1910
The product is functional but lacks some features.,Neutral,Flipkart,Raj Verma,U1911
"The product is okay, nothing special.",Neutral,Amazon,Arjun Singh,U1912
The product stopped working after a few days.,Negative,Flipkart,Priya Sharma,U1913
"The experience was average, not bad.",Neutral,Amazon,Neha Gupta,U1914
The product is functional but lacks some features.,Neutral,Amazon,Raj Verma,U1915
"Very poor quality, not worth the money.",Negative,Amazon,Neha Gupta,U1916
"Amazing quality, totally worth the price.",Positive,Amazon,Sneha Patel,U1917
"Delivery was on time, but packaging could be better.",Neutral,Flipkart,Raj Verma,U1918
Excellent customer service and great product.,Positive,Flipkart,Vikram Joshi,U1919
Customer service was unhelpful and rude.,Negative,Amazon,Neha Gupta,U1920
"The experience was average, not bad.",Neutral,Flipkart,Vikram Joshi,U1921
The product exceeded my expectations and works flawlessly.,Positive,Amazon,Vikram Joshi,U1922
"I am disappointed, it did not meet my expectations.",Negative,Amazon,Sneha Patel,U1923
"The product is okay, nothing special.",Neutral,Amazon,Sneha Patel,U1924
The product stopped working after a few days.,Negative,Flipkart,Karan Mehta,U1925
"I am very satisfied with my purchase, highly recommend.",Positive,Amazon,Neha Gupta,U1926
"Delivery was on time, but packaging could be better.",Neutral,Flipkart,Ananya Roy,U1927
"Delivery was on time, but packaging could be better.",Neutral,Amazon,Sneha Patel,U1928
"The product is okay, nothing special.",Neutral,Amazon,Sneha Patel,U1929
The product exceeded my expectations and works flawlessly.,Positive,Amazon,Neha Gupta,U1930
"The experience was average, not bad.",Neutral,Amazon,Raj Verma,U1931
"Delivery was on time, but packaging could be better.",Neutral,Flipkart,Arjun Singh,U1932
"I am disappointed, it did not meet my expectations.",Negative,Flipkart,Raj Verma,U1933
"Delivery was on time, but packaging could be better.",Neutral,Flipkart,Sneha Patel,U1934
The item arrived on time and in perfect condition.,Positive,Flipkart,Karan Mehta,U1935
Item arrived late and was damaged.,Negative,Flipkart,Karan Mehta,U1936
"It works as described, no major issues.",Neutral,Amazon,Raj Verma,U1937
The product exceeded my expectations and works flawlessly.,Positive,Flipkart,Sneha Patel,U1938
"Amazing quality, totally worth the price.",Positive,Flipkart,Sneha Patel,U1939
"The experience was average, not bad.",Neutral,Flipkart,Arjun Singh,U1940
"Very poor quality, not worth the money.",Negative,Flipkart,Raj Verma,U1941
"I am disappointed, it did not meet my expectations.",Negative,Flipkart,Ananya Roy,U1942
The product exceeded my expectations and works flawlessly.,Positive,Flipkart,Neha Gupta,U1943
Excellent customer service and great product.,Positive,Amazon,Sneha Patel,U1944
Item arrived late and was damaged.,Negative,Amazon,Vikram Joshi,U1945
"Very poor quality, not worth the money.",Negative,Amazon,Sneha Patel,U1946
The product exceeded my expectations and works flawlessly.,Positive,Amazon,Vikram Joshi,U1947
"Amazing quality, totally worth the price.",Positive,Amazon,Ananya Roy,U1948
"Delivery was on time, but packaging could be better.",Neutral,Amazon,Neha Gupta,U1949
The product stopped working after a few days.,Negative,Amazon,Ananya Roy,U1950
Excellent customer service and great product.,Positive,Flipkart,Arjun Singh,U1951
"The product is okay, nothing special.",Neutral,Flipkart,Priya Sharma,U1952
The product stopped working after a few days.,Negative,Flipkart,Priya Sharma,U1953
Customer service was unhelpful and rude.,Negative,Amazon,Priya Sharma,U1954
"The product is okay, nothing special.",Neutral,Flipkart,Vikram Joshi,U1955
The item arrived on time and in perfect condition.,Positive,Amazon,Neha Gupta,U1956
Customer service was unhelpful and rude.,Negative,Flipkart,Neha Gupta,U1957
"The product is okay, nothing special.",Neutral,Flipkart,Karan Mehta,U1958
"It works as described, no major issues.",Neutral,Amazon,Neha Gupta,U1959
"It works as described, no major issues.",Neutral,Amazon,Raj Verma,U1960
"It works as described, no major issues.",Neutral,Amazon,Karan Mehta,U1961
Item arrived late and was damaged.,Negative,Amazon,Priya Sharma,U1962
Customer service was unhelpful and rude.,Negative,Amazon,Sneha Patel,U1963
"I am very satisfied with my purchase, highly recommend.",Positive,Flipkart,Ananya Roy,U1964
"I am very satisfied with my purchase, highly recommend.",Positive,Flipkart,Raj Verma,U1965
The product exceeded my expectations and works flawlessly.,Positive,Amazon,Karan Mehta,U1966
The item arrived on time and in perfect condition.,Positive,Flipkart,Neha Gupta,U1967
The item arrived on time and in perfect condition.,Positive,Flipkart,Sneha Patel,U1968
"Amazing quality, totally worth the price.",Positive,Amazon,Sneha Patel,U1969
The product is functional but lacks some features.,Neutral,Flipkart,Priya Sharma,U1970
"It works as described, no major issues.",Neutral,Flipkart,Raj Verma,U1971
The product is functional but lacks some features.,Neutral,Flipkart,Priya Sharma,U1972
The product stopped working after a few days.,Negative,Flipkart,Ananya Roy,U1973
The item arrived on time and in perfect condition.,Positive,Amazon,Neha Gupta,U1974
"It works as described, no major issues.",Neutral,Amazon,Vikram Joshi,U1975
Customer service was unhelpful and rude.,Negative,Amazon,Priya Sharma,U1976
"The product is okay, nothing special.",Neutral,Amazon,Sneha Patel,U1977
Excellent customer service and great product.,Positive,Amazon,Arjun Singh,U1978
The item arrived on time and in perfect condition.,Positive,Amazon,Sneha Patel,U1979
"I am disappointed, it did not meet my expectations.",Negative,Flipkart,Neha Gupta,U1980
"I am very satisfied with my purchase, highly recommend.",Positive,Flipkart,Priya Sharma,U1981
"I am very satisfied with my purchase, highly recommend.",Positive,Flipkart,Vikram Joshi,U1982
"I am disappointed, it did not meet my expectations.",Negative,Flipkart,Vikram Joshi,U1983
"Very poor quality, not worth the money.",Negative,Amazon,Priya Sharma,U1984
Item arrived late and was damaged.,Negative,Flipkart,Raj Verma,U1985
"Delivery was on time, but packaging could be better.",Neutral,Amazon,Neha Gupta,U1986
"Delivery was on time, but packaging could be better.",Neutral,Flipkart,Ananya Roy,U1987
The product exceeded my expectations and works flawlessly.,Positive,Amazon,Karan Mehta,U1988
Item arrived late and was damaged.,Negative,Amazon,Vikram Joshi,U1989
"I am very satisfied with my purchase, highly recommend.",Positive,Amazon,Sneha Patel,U1990
"Amazing quality, totally worth the price.",Positive,Amazon,Neha Gupta,U1991
"It works as described, no major issues.",Neutral,Flipkart,Vikram Joshi,U1992
"I am disappointed, it did not meet my expectations.",Negative,Flipkart,Vikram Joshi,U1993
The product stopped working after a few days.,Negative,Amazon,Sneha Patel,U1994
"Very poor quality, not worth the money.",Negative,Flipkart,Priya Sharma,U1995
The product exceeded my expectations and works flawlessly.,Positive,Amazon,Sneha Patel,U1996
The product is functional but lacks some features.,Neutral,Amazon,Neha Gupta,U1997
The item arrived on time and in perfect condition.,Positive,Flipkart,Ananya Roy,U1998
"I am disappointed, it did not meet my expectations.",Negative,Flipkart,Priya Sharma,U1999
"Very poor quality, not worth the money.",Negative,Amazon,Vikram Joshi,U2000
