Review Text,Label,Platform,User Name,User ID
"Terrible experience, item arrived broken.",Negative,Amazon,Simran Gupta,U0001
"Not bad, but not great either.",Neutral,Flipkart,Neha Kapoor,U0002
"Absolutely love this! Stylish, durable, and great value for money.",Positive,Flipkart,Rohan Gupta,U0003
"Stopped working within a week, very frustrating.",Negative,Flipkart,Simran Verma,U0004
"Stopped working within a week, very frustrating.",Negative,Amazon,Karan Gupta,U0005
"The item works fine, but the packaging was a bit damaged.",Neutral,Amazon,Aditi Iyer,U0006
"Fantastic quality, worth every penny.",Positive,Amazon,Neha Reddy,U0007
Worst purchase I have ever made.,Negative,Amazon,Aditi Iyer,U0008
"Terrible experience, item arrived broken.",Negative,Amazon,Priya Gupta,U0009
"Decent product for the price, though it could have better battery life.",Neutral,Amazon,Arjun Reddy,U0010
"Decent product for the price, though it could have better battery life.",Neutral,Amazon,Karan Verma,U0011
"Not bad, but not great either.",Neutral,Flipkart,Neha Mehta,U0012
"Absolutely love this! Stylish, durable, and great value for money.",Positive,Amazon,Vikram Gupta,U0013
Very disappointed — the product stopped working after two days.,Negative,Flipkart,Rohan Patel,U0014
Worst purchase I have ever made.,Negative,Amazon,Rohan Gupta,U0015
"Product is okay, but delivery took longer than expected.",Neutral,Flipkart,Neha Sharma,U0016
"Terrible experience, item arrived broken.",Negative,Flipkart,Karan Iyer,U0017
"Decent product for the price, though it could have better battery life.",Neutral,Amazon,Neha Patel,U0018
"Fantastic quality, worth every penny.",Positive,Amazon,Rahul Reddy,U0019
"Stopped working within a week, very frustrating.",Negative,Amazon,Aditi Sharma,U0020
Very disappointed — the product stopped working after two days.,Negative,Flipkart,Vikram Patel,U0021
"Product is okay, but delivery took longer than expected.",Neutral,Flipkart,Rohan Kapoor,U0022
Very comfortable to use and looks great.,Positive,Amazon,Neha Kapoor,U0023
"Decent product for the price, though it could have better battery life.",Neutral,Flipkart,Arjun Singh,U0024
"The product quality exceeded my expectations, and the delivery was super fast.",Positive,Amazon,Rohan Kapoor,U0025
Very comfortable to use and looks great.,Positive,Flipkart,Rohan Singh,U0026
"Average quality, nothing special.",Neutral,Amazon,Rohan Singh,U0027
"Terrible experience, item arrived broken.",Negative,Flipkart,Rohan Singh,U0028
"Product is okay, but delivery took longer than expected.",Neutral,Amazon,Neha Nair,U0029
Worst purchase I have ever made.,Negative,Flipkart,Aditi Mehta,U0030
"Average quality, nothing special.",Neutral,Amazon,Neha Mehta,U0031
"Terrible experience, item arrived broken.",Negative,Amazon,Aditi Verma,U0032
"Fantastic quality, worth every penny.",Positive,Flipkart,Priya Patel,U0033
"The product quality exceeded my expectations, and the delivery was super fast.",Positive,Flipkart,Karan Patel,U0034
Very comfortable to use and looks great.,Positive,Flipkart,Aditi Sharma,U0035
"Decent product for the price, though it could have better battery life.",Neutral,Flipkart,Rahul Iyer,U0036
"Product is okay, but delivery took longer than expected.",Neutral,Flipkart,Karan Nair,U0037
Very disappointed — the product stopped working after two days.,Negative,Amazon,Rahul Verma,U0038
"Decent product for the price, though it could have better battery life.",Neutral,Amazon,Neha Verma,U0039
Very comfortable to use and looks great.,Positive,Flipkart,Aditi Gupta,U0040
"Fantastic quality, worth every penny.",Positive,Flipkart,Aditi Mehta,U0041
"Stopped working within a week, very frustrating.",Negative,Amazon,Simran Iyer,U0042
"Fantastic quality, worth every penny.",Positive,Flipkart,Aditi Reddy,U0043
"Stopped working within a week, very frustrating.",Negative,Flipkart,Rohan Iyer,U0044
"The item works fine, but the packaging was a bit damaged.",Neutral,Flipkart,Aditi Patel,U0045
"Absolutely love this! Stylish, durable, and great value for money.",Positive,Amazon,Rohan Nair,U0046
"Product is okay, but delivery took longer than expected.",Neutral,Flipkart,Karan Verma,U0047
Very comfortable to use and looks great.,Positive,Flipkart,Rahul Nair,U0048
"The product quality exceeded my expectations, and the delivery was super fast.",Positive,Flipkart,Karan Gupta,U0049
"Not bad, but not great either.",Neutral,Amazon,Neha Kapoor,U0050
"Fantastic quality, worth every penny.",Positive,Flipkart,Karan Nair,U0051
"Stopped working within a week, very frustrating.",Negative,Flipkart,Arjun Sharma,U0052
"Terrible experience, item arrived broken.",Negative,Flipkart,Karan Singh,U0053
"Decent product for the price, though it could have better battery life.",Neutral,Flipkart,Priya Patel,U0054
Very comfortable to use and looks great.,Positive,Amazon,Vikram Reddy,U0055
"Not bad, but not great either.",Neutral,Amazon,Priya Sharma,U0056
"Decent product for the price, though it could have better battery life.",Neutral,Flipkart,Sneha Singh,U0057
"Stopped working within a week, very frustrating.",Negative,Amazon,Vikram Kapoor,U0058
"Fantastic quality, worth every penny.",Positive,Flipkart,Priya Iyer,U0059
"The product quality exceeded my expectations, and the delivery was super fast.",Positive,Flipkart,Rahul Nair,U0060
Worst purchase I have ever made.,Negative,Flipkart,Rohan Iyer,U0061
"Great product, excellent customer service.",Positive,Flipkart,Simran Mehta,U0062
"The product quality exceeded my expectations, and the delivery was super fast.",Positive,Flipkart,Rohan Patel,U0063
"Fantastic quality, worth every penny.",Positive,Flipkart,Arjun Verma,U0064
Very comfortable to use and looks great.,Positive,Flipkart,Vikram Patel,U0065
"Absolutely love this! Stylish, durable, and great value for money.",Positive,Amazon,Rohan Gupta,U0066
"Poor quality, would not recommend.",Negative,Amazon,Priya Gupta,U0067
"Poor quality, would not recommend.",Negative,Amazon,Rahul Reddy,U0068
"Great product, excellent customer service.",Positive,Amazon,Sneha Verma,U0069
Very comfortable to use and looks great.,Positive,Flipkart,Aditi Verma,U0070
"Decent product for the price, though it could have better battery life.",Neutral,Flipkart,Rohan Kapoor,U0071
"Fantastic quality, worth every penny.",Positive,Flipkart,Simran Reddy,U0072
"Fantastic quality, worth every penny.",Positive,Amazon,Rahul Iyer,U0073
"Stopped working within a week, very frustrating.",Negative,Amazon,Sneha Iyer,U0074
"Terrible experience, item arrived broken.",Negative,Amazon,Neha Sharma,U0075
"Stopped working within a week, very frustrating.",Negative,Flipkart,Aditi Patel,U0076
"Not bad, but not great either.",Neutral,Amazon,Arjun Nair,U0077
Worst purchase I have ever made.,Negative,Flipkart,Rohan Singh,U0078
"Terrible experience, item arrived broken.",Negative,Amazon,Karan Reddy,U0079
"The item works fine, but the packaging was a bit damaged.",Neutral,Amazon,Arjun Reddy,U0080
"The product quality exceeded my expectations, and the delivery was super fast.",Positive,Flipkart,Vikram Mehta,U0081
"The item works fine, but the packaging was a bit damaged.",Neutral,Amazon,Rahul Nair,U0082
"The item works fine, but the packaging was a bit damaged.",Neutral,Flipkart,Rohan Iyer,U0083
"Not bad, but not great either.",Neutral,Flipkart,Rohan Mehta,U0084
"Average quality, nothing special.",Neutral,Amazon,Simran Reddy,U0085
"The item works fine, but the packaging was a bit damaged.",Neutral,Amazon,Arjun Nair,U0086
"Poor quality, would not recommend.",Negative,Amazon,Sneha Gupta,U0087
Very comfortable to use and looks great.,Positive,Amazon,Priya Gupta,U0088
"Great product, excellent customer service.",Positive,Flipkart,Arjun Singh,U0089
Worst purchase I have ever made.,Negative,Flipkart,Rohan Iyer,U0090
"The item works fine, but the packaging was a bit damaged.",Neutral,Flipkart,Arjun Mehta,U0091
"Absolutely love this! Stylish, durable, and great value for money.",Positive,Amazon,Rohan Verma,U0092
"Poor quality, would not recommend.",Negative,Amazon,Sneha Sharma,U0093
"Fantastic quality, worth every penny.",Positive,Amazon,Simran Gupta,U0094
"Average quality, nothing special.",Neutral,Amazon,Karan Verma,U0095
Very comfortable to use and looks great.,Positive,Flipkart,Rahul Nair,U0096
Very comfortable to use and looks great.,Positive,Amazon,Neha Nair,U0097
"Terrible experience, item arrived broken.",Negative,Amazon,Neha Nair,U0098
"Decent product for the price, though it could have better battery life.",Neutral,Amazon,Priya Kapoor,U0099
"Terrible experience, item arrived broken.",Negative,Amazon,Simran Reddy,U0100
Worst purchase I have ever made.,Negative,Amazon,Karan Patel,U0101
"Fantastic quality, worth every penny.",Positive,Amazon,Rahul Kapoor,U0102
"Poor quality, would not recommend.",Negative,Flipkart,Rohan Iyer,U0103
Very comfortable to use and looks great.,Positive,Amazon,Arjun Reddy,U0104
Very comfortable to use and looks great.,Positive,Flipkart,Simran Singh,U0105
"Absolutely love this! Stylish, durable, and great value for money.",Positive,Flipkart,Arjun Mehta,U0106
"Average quality, nothing special.",Neutral,Flipkart,Neha Gupta,U0107
Very disappointed — the product stopped working after two days.,Negative,Amazon,Vikram Reddy,U0108
"The item works fine, but the packaging was a bit damaged.",Neutral,Amazon,Karan Sharma,U0109
"Great product, excellent customer service.",Positive,Amazon,Neha Sharma,U0110
"The product quality exceeded my expectations, and the delivery was super fast.",Positive,Amazon,Aditi Reddy,U0111
"Great product, excellent customer service.",Positive,Amazon,Vikram Iyer,U0112
"Fantastic quality, worth every penny.",Positive,Flipkart,Vikram Iyer,U0113
"Not bad, but not great either.",Neutral,Amazon,Simran Verma,U0114
"Fantastic quality, worth every penny.",Positive,Amazon,Vikram Singh,U0115
"Fantastic quality, worth every penny.",Positive,Amazon,Priya Gupta,U0116
"Average quality, nothing special.",Neutral,Amazon,Neha Gupta,U0117
"Great product, excellent customer service.",Positive,Flipkart,Simran Mehta,U0118
Very disappointed — the product stopped working after two days.,Negative,Amazon,Rohan Kapoor,U0119
"Terrible experience, item arrived broken.",Negative,Amazon,Sneha Patel,U0120
Worst purchase I have ever made.,Negative,Flipkart,Sneha Singh,U0121
Worst purchase I have ever made.,Negative,Amazon,Arjun Iyer,U0122
"Not bad, but not great either.",Neutral,Flipkart,Karan Verma,U0123
"The product quality exceeded my expectations, and the delivery was super fast.",Positive,Amazon,Rahul Nair,U0124
"Stopped working within a week, very frustrating.",Negative,Flipkart,Simran Gupta,U0125
"The product quality exceeded my expectations, and the delivery was super fast.",Positive,Flipkart,Simran Nair,U0126
"Decent product for the price, though it could have better battery life.",Neutral,Flipkart,Priya Sharma,U0127
"Poor quality, would not recommend.",Negative,Amazon,Sneha Gupta,U0128
"The product quality exceeded my expectations, and the delivery was super fast.",Positive,Flipkart,Neha Kapoor,U0129
"Great product, excellent customer service.",Positive,Flipkart,Aditi Reddy,U0130
"Stopped working within a week, very frustrating.",Negative,Amazon,Simran Gupta,U0131
"Great product, excellent customer service.",Positive,Amazon,Rohan Patel,U0132
"Absolutely love this! Stylish, durable, and great value for money.",Positive,Amazon,Aditi Reddy,U0133
"Not bad, but not great either.",Neutral,Amazon,Priya Verma,U0134
"Fantastic quality, worth every penny.",Positive,Flipkart,Arjun Patel,U0135
"Decent product for the price, though it could have better battery life.",Neutral,Flipkart,Neha Sharma,U0136
"Stopped working within a week, very frustrating.",Negative,Amazon,Vikram Iyer,U0137
"Great product, excellent customer service.",Positive,Flipkart,Karan Patel,U0138
"Decent product for the price, though it could have better battery life.",Neutral,Flipkart,Neha Singh,U0139
Very disappointed — the product stopped working after two days.,Negative,Amazon,Rahul Verma,U0140
"Stopped working within a week, very frustrating.",Negative,Flipkart,Priya Mehta,U0141
"Average quality, nothing special.",Neutral,Amazon,Karan Patel,U0142
"Great product, excellent customer service.",Positive,Flipkart,Aditi Nair,U0143
"Poor quality, would not recommend.",Negative,Flipkart,Sneha Sharma,U0144
Very disappointed — the product stopped working after two days.,Negative,Flipkart,Karan Singh,U0145
"Poor quality, would not recommend.",Negative,Amazon,Rohan Reddy,U0146
"Average quality, nothing special.",Neutral,Flipkart,Rohan Kapoor,U0147
"Decent product for the price, though it could have better battery life.",Neutral,Flipkart,Rahul Patel,U0148
"Great product, excellent customer service.",Positive,Amazon,Karan Kapoor,U0149
Very disappointed — the product stopped working after two days.,Negative,Flipkart,Simran Iyer,U0150
"The item works fine, but the packaging was a bit damaged.",Neutral,Flipkart,Karan Patel,U0151
"Average quality, nothing special.",Neutral,Amazon,Sneha Verma,U0152
"Product is okay, but delivery took longer than expected.",Neutral,Amazon,Arjun Singh,U0153
"The item works fine, but the packaging was a bit damaged.",Neutral,Amazon,Vikram Kapoor,U0154
"Absolutely love this! Stylish, durable, and great value for money.",Positive,Flipkart,Priya Reddy,U0155
Very comfortable to use and looks great.,Positive,Flipkart,Sneha Gupta,U0156
Very comfortable to use and looks great.,Positive,Flipkart,Neha Mehta,U0157
"Terrible experience, item arrived broken.",Negative,Flipkart,Sneha Reddy,U0158
"Stopped working within a week, very frustrating.",Negative,Amazon,Rohan Sharma,U0159
"Terrible experience, item arrived broken.",Negative,Flipkart,Sneha Mehta,U0160
"Terrible experience, item arrived broken.",Negative,Amazon,Karan Patel,U0161
Very comfortable to use and looks great.,Positive,Amazon,Rahul Nair,U0162
"Not bad, but not great either.",Neutral,Flipkart,Karan Iyer,U0163
"Not bad, but not great either.",Neutral,Amazon,Simran Verma,U0164
"The product quality exceeded my expectations, and the delivery was super fast.",Positive,Flipkart,Sneha Iyer,U0165
Worst purchase I have ever made.,Negative,Amazon,Rahul Singh,U0166
"Terrible experience, item arrived broken.",Negative,Amazon,Arjun Sharma,U0167
Very comfortable to use and looks great.,Positive,Amazon,Priya Mehta,U0168
"The item works fine, but the packaging was a bit damaged.",Neutral,Amazon,Neha Iyer,U0169
"The product quality exceeded my expectations, and the delivery was super fast.",Positive,Amazon,Priya Gupta,U0170
"Decent product for the price, though it could have better battery life.",Neutral,Amazon,Aditi Kapoor,U0171
"Fantastic quality, worth every penny.",Positive,Amazon,Vikram Sharma,U0172
"Fantastic quality, worth every penny.",Positive,Flipkart,Neha Nair,U0173
"Fantastic quality, worth every penny.",Positive,Flipkart,Arjun Verma,U0174
Very disappointed — the product stopped working after two days.,Negative,Flipkart,Vikram Iyer,U0175
"Absolutely love this! Stylish, durable, and great value for money.",Positive,Amazon,Arjun Nair,U0176
"Decent product for the price, though it could have better battery life.",Neutral,Amazon,Rohan Mehta,U0177
"Great product, excellent customer service.",Positive,Amazon,Rahul Patel,U0178
"The item works fine, but the packaging was a bit damaged.",Neutral,Amazon,Rahul Verma,U0179
Very comfortable to use and looks great.,Positive,Flipkart,Rohan Iyer,U0180
"Product is okay, but delivery took longer than expected.",Neutral,Flipkart,Simran Kapoor,U0181
Worst purchase I have ever made.,Negative,Flipkart,Sneha Patel,U0182
"Decent product for the price, though it could have better battery life.",Neutral,Flipkart,Rohan Nair,U0183
"Decent product for the price, though it could have better battery life.",Neutral,Flipkart,Aditi Patel,U0184
"Terrible experience, item arrived broken.",Negative,Flipkart,Priya Nair,U0185
"Decent product for the price, though it could have better battery life.",Neutral,Flipkart,Vikram Gupta,U0186
"Poor quality, would not recommend.",Negative,Amazon,Simran Kapoor,U0187
"The product quality exceeded my expectations, and the delivery was super fast.",Positive,Flipkart,Priya Iyer,U0188
"Average quality, nothing special.",Neutral,Amazon,Karan Verma,U0189
"The product quality exceeded my expectations, and the delivery was super fast.",Positive,Amazon,Simran Sharma,U0190
"Terrible experience, item arrived broken.",Negative,Amazon,Rahul Kapoor,U0191
"Great product, excellent customer service.",Positive,Flipkart,Karan Gupta,U0192
"Average quality, nothing special.",Neutral,Amazon,Rahul Nair,U0193
"Absolutely love this! Stylish, durable, and great value for money.",Positive,Flipkart,Sneha Sharma,U0194
"Absolutely love this! Stylish, durable, and great value for money.",Positive,Amazon,Rahul Gupta,U0195
"Terrible experience, item arrived broken.",Negative,Flipkart,Sneha Sharma,U0196
"Decent product for the price, though it could have better battery life.",Neutral,Flipkart,Rahul Gupta,U0197
"Not bad, but not great either.",Neutral,Flipkart,Priya Singh,U0198
Very disappointed — the product stopped working after two days.,Negative,Amazon,Arjun Singh,U0199
"Stopped working within a week, very frustrating.",Negative,Amazon,Aditi Mehta,U0200
"Poor quality, would not recommend.",Negative,Amazon,Karan Reddy,U0201
"Decent product for the price, though it could have better battery life.",Neutral,Amazon,Aditi Mehta,U0202
"Decent product for the price, though it could have better battery life.",Neutral,Amazon,Priya Reddy,U0203
"Absolutely love this! Stylish, durable, and great value for money.",Positive,Flipkart,Arjun Singh,U0204
"Product is okay, but delivery took longer than expected.",Neutral,Amazon,Arjun Mehta,U0205
"Average quality, nothing special.",Neutral,Amazon,Priya Gupta,U0206
"The product quality exceeded my expectations, and the delivery was super fast.",Positive,Flipkart,Rohan Mehta,U0207
"Decent product for the price, though it could have better battery life.",Neutral,Amazon,Neha Patel,U0208
"Poor quality, would not recommend.",Negative,Amazon,Sneha Patel,U0209
"Stopped working within a week, very frustrating.",Negative,Amazon,Aditi Sharma,U0210
"Great product, excellent customer service.",Positive,Amazon,Simran Gupta,U0211
"The item works fine, but the packaging was a bit damaged.",Neutral,Amazon,Sneha Singh,U0212
"Stopped working within a week, very frustrating.",Negative,Amazon,Vikram Nair,U0213
"Great product, excellent customer service.",Positive,Amazon,Priya Sharma,U0214
"Average quality, nothing special.",Neutral,Flipkart,Neha Verma,U0215
"Not bad, but not great either.",Neutral,Amazon,Sneha Patel,U0216
"Fantastic quality, worth every penny.",Positive,Flipkart,Vikram Sharma,U0217
Worst purchase I have ever made.,Negative,Amazon,Rahul Reddy,U0218
"Stopped working within a week, very frustrating.",Negative,Amazon,Rohan Kapoor,U0219
"Terrible experience, item arrived broken.",Negative,Amazon,Rohan Iyer,U0220
"Stopped working within a week, very frustrating.",Negative,Flipkart,Arjun Gupta,U0221
"Fantastic quality, worth every penny.",Positive,Flipkart,Arjun Iyer,U0222
"The product quality exceeded my expectations, and the delivery was super fast.",Positive,Amazon,Neha Verma,U0223
"Not bad, but not great either.",Neutral,Flipkart,Sneha Patel,U0224
Very disappointed — the product stopped working after two days.,Negative,Amazon,Vikram Mehta,U0225
Very comfortable to use and looks great.,Positive,Amazon,Vikram Singh,U0226
"Great product, excellent customer service.",Positive,Flipkart,Karan Verma,U0227
Very comfortable to use and looks great.,Positive,Flipkart,Neha Kapoor,U0228
"Fantastic quality, worth every penny.",Positive,Amazon,Vikram Kapoor,U0229
"Stopped working within a week, very frustrating.",Negative,Flipkart,Rahul Patel,U0230
"Not bad, but not great either.",Neutral,Flipkart,Priya Sharma,U0231
"Terrible experience, item arrived broken.",Negative,Amazon,Karan Kapoor,U0232
"Absolutely love this! Stylish, durable, and great value for money.",Positive,Flipkart,Rahul Iyer,U0233
"Great product, excellent customer service.",Positive,Amazon,Rahul Reddy,U0234
"The product quality exceeded my expectations, and the delivery was super fast.",Positive,Flipkart,Vikram Singh,U0235
"Fantastic quality, worth every penny.",Positive,Amazon,Priya Nair,U0236
Worst purchase I have ever made.,Negative,Amazon,Karan Nair,U0237
"Decent product for the price, though it could have better battery life.",Neutral,Amazon,Priya Mehta,U0238
"Average quality, nothing special.",Neutral,Amazon,Priya Kapoor,U0239
"Product is okay, but delivery took longer than expected.",Neutral,Flipkart,Rohan Reddy,U0240
"Fantastic quality, worth every penny.",Positive,Flipkart,Vikram Verma,U0241
"Average quality, nothing special.",Neutral,Amazon,Aditi Patel,U0242
Very disappointed — the product stopped working after two days.,Negative,Amazon,Neha Verma,U0243
Very comfortable to use and looks great.,Positive,Flipkart,Arjun Patel,U0244
"Poor quality, would not recommend.",Negative,Amazon,Simran Reddy,U0245
"Great product, excellent customer service.",Positive,Flipkart,Priya Sharma,U0246
"Decent product for the price, though it could have better battery life.",Neutral,Flipkart,Arjun Mehta,U0247
"Absolutely love this! Stylish, durable, and great value for money.",Positive,Flipkart,Arjun Kapoor,U0248
"The item works fine, but the packaging was a bit damaged.",Neutral,Flipkart,Sneha Patel,U0249
"Terrible experience, item arrived broken.",Negative,Amazon,Karan Patel,U0250
"The item works fine, but the packaging was a bit damaged.",Neutral,Amazon,Rahul Nair,U0251
"Absolutely love this! Stylish, durable, and great value for money.",Positive,Flipkart,Rohan Iyer,U0252
"Absolutely love this! Stylish, durable, and great value for money.",Positive,Flipkart,Neha Patel,U0253
"Stopped working within a week, very frustrating.",Negative,Flipkart,Aditi Gupta,U0254
Very comfortable to use and looks great.,Positive,Amazon,Simran Kapoor,U0255
"Product is okay, but delivery took longer than expected.",Neutral,Amazon,Karan Mehta,U0256
"Terrible experience, item arrived broken.",Negative,Flipkart,Vikram Kapoor,U0257
"Product is okay, but delivery took longer than expected.",Neutral,Flipkart,Rahul Kapoor,U0258
Very comfortable to use and looks great.,Positive,Flipkart,Karan Patel,U0259
"Product is okay, but delivery took longer than expected.",Neutral,Flipkart,Aditi Gupta,U0260
"Terrible experience, item arrived broken.",Negative,Amazon,Rahul Nair,U0261
"The product quality exceeded my expectations, and the delivery was super fast.",Positive,Flipkart,Simran Singh,U0262
Very comfortable to use and looks great.,Positive,Amazon,Priya Mehta,U0263
"Absolutely love this! Stylish, durable, and great value for money.",Positive,Amazon,Sneha Verma,U0264
"Not bad, but not great either.",Neutral,Amazon,Priya Iyer,U0265
"Poor quality, would not recommend.",Negative,Flipkart,Neha Kapoor,U0266
"Fantastic quality, worth every penny.",Positive,Flipkart,Simran Verma,U0267
"Poor quality, would not recommend.",Negative,Flipkart,Simran Kapoor,U0268
"Average quality, nothing special.",Neutral,Amazon,Karan Nair,U0269
"The item works fine, but the packaging was a bit damaged.",Neutral,Flipkart,Sneha Reddy,U0270
"Fantastic quality, worth every penny.",Positive,Flipkart,Simran Sharma,U0271
"Terrible experience, item arrived broken.",Negative,Amazon,Rahul Verma,U0272
"Great product, excellent customer service.",Positive,Amazon,Aditi Patel,U0273
Worst purchase I have ever made.,Negative,Amazon,Vikram Reddy,U0274
"The item works fine, but the packaging was a bit damaged.",Neutral,Flipkart,Arjun Verma,U0275
Worst purchase I have ever made.,Negative,Flipkart,Vikram Reddy,U0276
"Average quality, nothing special.",Neutral,Flipkart,Arjun Kapoor,U0277
Very comfortable to use and looks great.,Positive,Flipkart,Sneha Reddy,U0278
Very comfortable to use and looks great.,Positive,Amazon,Arjun Nair,U0279
"Decent product for the price, though it could have better battery life.",Neutral,Flipkart,Rahul Mehta,U0280
"Stopped working within a week, very frustrating.",Negative,Amazon,Neha Singh,U0281
"Decent product for the price, though it could have better battery life.",Neutral,Flipkart,Priya Iyer,U0282
"Poor quality, would not recommend.",Negative,Amazon,Karan Verma,U0283
"Absolutely love this! Stylish, durable, and great value for money.",Positive,Amazon,Simran Reddy,U0284
"Not bad, but not great either.",Neutral,Amazon,Rohan Singh,U0285
"The item works fine, but the packaging was a bit damaged.",Neutral,Amazon,Neha Kapoor,U0286
"Poor quality, would not recommend.",Negative,Amazon,Neha Singh,U0287
"The item works fine, but the packaging was a bit damaged.",Neutral,Amazon,Aditi Patel,U0288
"Terrible experience, item arrived broken.",Negative,Flipkart,Priya Verma,U0289
"Absolutely love this! Stylish, durable, and great value for money.",Positive,Amazon,Priya Kapoor,U0290
"Terrible experience, item arrived broken.",Negative,Flipkart,Arjun Reddy,U0291
"Great product, excellent customer service.",Positive,Flipkart,Arjun Iyer,U0292
"The item works fine, but the packaging was a bit damaged.",Neutral,Amazon,Vikram Patel,U0293
"Average quality, nothing special.",Neutral,Flipkart,Priya Singh,U0294
"Stopped working within a week, very frustrating.",Negative,Flipkart,Rahul Nair,U0295
"The item works fine, but the packaging was a bit damaged.",Neutral,Flipkart,Sneha Gupta,U0296
"Absolutely love this! Stylish, durable, and great value for money.",Positive,Flipkart,Karan Gupta,U0297
"The product quality exceeded my expectations, and the delivery was super fast.",Positive,Amazon,Aditi Gupta,U0298
"Absolutely love this! Stylish, durable, and great value for money.",Positive,Flipkart,Priya Sharma,U0299
"Fantastic quality, worth every penny.",Positive,Amazon,Arjun Kapoor,U0300
"Stopped working within a week, very frustrating.",Negative,Amazon,Aditi Iyer,U0301
"Fantastic quality, worth every penny.",Positive,Flipkart,Karan Singh,U0302
"Great product, excellent customer service.",Positive,Amazon,Rahul Gupta,U0303
"Poor quality, would not recommend.",Negative,Amazon,Karan Gupta,U0304
"Product is okay, but delivery took longer than expected.",Neutral,Amazon,Simran Iyer,U0305
"The product quality exceeded my expectations, and the delivery was super fast.",Positive,Flipkart,Sneha Gupta,U0306
"Terrible experience, item arrived broken.",Negative,Amazon,Rahul Sharma,U0307
"The item works fine, but the packaging was a bit damaged.",Neutral,Amazon,Priya Singh,U0308
"Fantastic quality, worth every penny.",Positive,Amazon,Rohan Reddy,U0309
"Absolutely love this! Stylish, durable, and great value for money.",Positive,Amazon,Karan Nair,U0310
Very disappointed — the product stopped working after two days.,Negative,Amazon,Rahul Verma,U0311
"The item works fine, but the packaging was a bit damaged.",Neutral,Flipkart,Aditi Kapoor,U0312
Very comfortable to use and looks great.,Positive,Amazon,Priya Iyer,U0313
Very comfortable to use and looks great.,Positive,Amazon,Neha Patel,U0314
Very comfortable to use and looks great.,Positive,Flipkart,Simran Patel,U0315
"Poor quality, would not recommend.",Negative,Flipkart,Vikram Mehta,U0316
"Great product, excellent customer service.",Positive,Flipkart,Aditi Singh,U0317
"Product is okay, but delivery took longer than expected.",Neutral,Flipkart,Sneha Mehta,U0318
"Decent product for the price, though it could have better battery life.",Neutral,Amazon,Sneha Reddy,U0319
"The item works fine, but the packaging was a bit damaged.",Neutral,Flipkart,Neha Kapoor,U0320
"The product quality exceeded my expectations, and the delivery was super fast.",Positive,Amazon,Simran Reddy,U0321
"Stopped working within a week, very frustrating.",Negative,Flipkart,Vikram Patel,U0322
"Decent product for the price, though it could have better battery life.",Neutral,Flipkart,Simran Reddy,U0323
"Decent product for the price, though it could have better battery life.",Neutral,Amazon,Karan Mehta,U0324
"Average quality, nothing special.",Neutral,Amazon,Simran Nair,U0325
"Decent product for the price, though it could have better battery life.",Neutral,Amazon,Arjun Kapoor,U0326
"The product quality exceeded my expectations, and the delivery was super fast.",Positive,Flipkart,Aditi Sharma,U0327
"Poor quality, would not recommend.",Negative,Flipkart,Aditi Gupta,U0328
Very disappointed — the product stopped working after two days.,Negative,Flipkart,Sneha Gupta,U0329
"Poor quality, would not recommend.",Negative,Amazon,Rahul Nair,U0330
"Fantastic quality, worth every penny.",Positive,Amazon,Rohan Singh,U0331
Very disappointed — the product stopped working after two days.,Negative,Amazon,Priya Patel,U0332
"Terrible experience, item arrived broken.",Negative,Flipkart,Simran Patel,U0333
"Poor quality, would not recommend.",Negative,Flipkart,Neha Reddy,U0334
"Average quality, nothing special.",Neutral,Amazon,Priya Sharma,U0335
"Poor quality, would not recommend.",Negative,Flipkart,Rohan Patel,U0336
"Terrible experience, item arrived broken.",Negative,Amazon,Neha Mehta,U0337
"Fantastic quality, worth every penny.",Positive,Amazon,Rohan Reddy,U0338
"Product is okay, but delivery took longer than expected.",Neutral,Flipkart,Aditi Iyer,U0339
"Average quality, nothing special.",Neutral,Flipkart,Priya Gupta,U0340
"Poor quality, would not recommend.",Negative,Amazon,Neha Patel,U0341
"The item works fine, but the packaging was a bit damaged.",Neutral,Amazon,Rahul Mehta,U0342
"Great product, excellent customer service.",Positive,Flipkart,Vikram Nair,U0343
"Decent product for the price, though it could have better battery life.",Neutral,Flipkart,Karan Sharma,U0344
"The product quality exceeded my expectations, and the delivery was super fast.",Positive,Flipkart,Rahul Patel,U0345
"The item works fine, but the packaging was a bit damaged.",Neutral,Amazon,Simran Verma,U0346
"Terrible experience, item arrived broken.",Negative,Flipkart,Arjun Mehta,U0347
"Product is okay, but delivery took longer than expected.",Neutral,Amazon,Vikram Patel,U0348
"Great product, excellent customer service.",Positive,Amazon,Neha Iyer,U0349
"Poor quality, would not recommend.",Negative,Amazon,Rohan Mehta,U0350
"Product is okay, but delivery took longer than expected.",Neutral,Flipkart,Sneha Patel,U0351
Very disappointed — the product stopped working after two days.,Negative,Amazon,Aditi Gupta,U0352
Worst purchase I have ever made.,Negative,Flipkart,Simran Mehta,U0353
"Terrible experience, item arrived broken.",Negative,Amazon,Rahul Gupta,U0354
"Absolutely love this! Stylish, durable, and great value for money.",Positive,Amazon,Simran Nair,U0355
"Great product, excellent customer service.",Positive,Flipkart,Aditi Iyer,U0356
"The product quality exceeded my expectations, and the delivery was super fast.",Positive,Amazon,Neha Mehta,U0357
"Stopped working within a week, very frustrating.",Negative,Flipkart,Arjun Reddy,U0358
"Fantastic quality, worth every penny.",Positive,Amazon,Neha Reddy,U0359
Very comfortable to use and looks great.,Positive,Flipkart,Simran Nair,U0360
"The item works fine, but the packaging was a bit damaged.",Neutral,Flipkart,Rohan Reddy,U0361
"The item works fine, but the packaging was a bit damaged.",Neutral,Amazon,Neha Patel,U0362
Very comfortable to use and looks great.,Positive,Flipkart,Aditi Reddy,U0363
"Absolutely love this! Stylish, durable, and great value for money.",Positive,Flipkart,Vikram Singh,U0364
"Poor quality, would not recommend.",Negative,Flipkart,Neha Gupta,U0365
Very comfortable to use and looks great.,Positive,Flipkart,Sneha Mehta,U0366
"Product is okay, but delivery took longer than expected.",Neutral,Flipkart,Karan Patel,U0367
Very disappointed — the product stopped working after two days.,Negative,Amazon,Vikram Iyer,U0368
"Poor quality, would not recommend.",Negative,Amazon,Neha Iyer,U0369
Very disappointed — the product stopped working after two days.,Negative,Flipkart,Aditi Kapoor,U0370
"Terrible experience, item arrived broken.",Negative,Amazon,Sneha Nair,U0371
Very comfortable to use and looks great.,Positive,Flipkart,Sneha Iyer,U0372
Very comfortable to use and looks great.,Positive,Amazon,Neha Kapoor,U0373
"Absolutely love this! Stylish, durable, and great value for money.",Positive,Flipkart,Rahul Reddy,U0374
"Decent product for the price, though it could have better battery life.",Neutral,Flipkart,Neha Verma,U0375
"Great product, excellent customer service.",Positive,Amazon,Simran Iyer,U0376
"Fantastic quality, worth every penny.",Positive,Amazon,Aditi Nair,U0377
"Stopped working within a week, very frustrating.",Negative,Flipkart,Neha Mehta,U0378
"Stopped working within a week, very frustrating.",Negative,Flipkart,Neha Mehta,U0379
"Poor quality, would not recommend.",Negative,Flipkart,Vikram Verma,U0380
"Terrible experience, item arrived broken.",Negative,Flipkart,Priya Iyer,U0381
"Stopped working within a week, very frustrating.",Negative,Amazon,Priya Gupta,U0382
"Fantastic quality, worth every penny.",Positive,Amazon,Sneha Singh,U0383
"Absolutely love this! Stylish, durable, and great value for money.",Positive,Amazon,Priya Reddy,U0384
"The product quality exceeded my expectations, and the delivery was super fast.",Positive,Amazon,Sneha Iyer,U0385
"Poor quality, would not recommend.",Negative,Amazon,Rohan Kapoor,U0386
"Not bad, but not great either.",Neutral,Amazon,Aditi Reddy,U0387
"Great product, excellent customer service.",Positive,Amazon,Simran Nair,U0388
"Poor quality, would not recommend.",Negative,Amazon,Sneha Gupta,U0389
"Great product, excellent customer service.",Positive,Flipkart,Priya Patel,U0390
Very comfortable to use and looks great.,Positive,Amazon,Neha Kapoor,U0391
Worst purchase I have ever made.,Negative,Flipkart,Arjun Reddy,U0392
"Decent product for the price, though it could have better battery life.",Neutral,Amazon,Rohan Iyer,U0393
Worst purchase I have ever made.,Negative,Flipkart,Vikram Verma,U0394
"Poor quality, would not recommend.",Negative,Amazon,Karan Nair,U0395
Very disappointed — the product stopped working after two days.,Negative,Flipkart,Rohan Mehta,U0396
"Poor quality, would not recommend.",Negative,Amazon,Rahul Gupta,U0397
"Not bad, but not great either.",Neutral,Flipkart,Aditi Gupta,U0398
"Average quality, nothing special.",Neutral,Flipkart,Rohan Reddy,U0399
"Stopped working within a week, very frustrating.",Negative,Flipkart,Rohan Singh,U0400
"The item works fine, but the packaging was a bit damaged.",Neutral,Flipkart,Aditi Verma,U0401
"Average quality, nothing special.",Neutral,Flipkart,Sneha Verma,U0402
Worst purchase I have ever made.,Negative,Flipkart,Vikram Verma,U0403
"The product quality exceeded my expectations, and the delivery was super fast.",Positive,Amazon,Vikram Verma,U0404
"Not bad, but not great either.",Neutral,Flipkart,Rahul Verma,U0405
"The product quality exceeded my expectations, and the delivery was super fast.",Positive,Amazon,Arjun Iyer,U0406
"Average quality, nothing special.",Neutral,Flipkart,Karan Gupta,U0407
"Fantastic quality, worth every penny.",Positive,Flipkart,Sneha Patel,U0408
"Product is okay, but delivery took longer than expected.",Neutral,Flipkart,Sneha Gupta,U0409
"Not bad, but not great either.",Neutral,Amazon,Rahul Mehta,U0410
"Stopped working within a week, very frustrating.",Negative,Flipkart,Arjun Reddy,U0411
"Stopped working within a week, very frustrating.",Negative,Amazon,Rahul Kapoor,U0412
"Not bad, but not great either.",Neutral,Flipkart,Rahul Patel,U0413
"Poor quality, would not recommend.",Negative,Amazon,Arjun Reddy,U0414
"Fantastic quality, worth every penny.",Positive,Amazon,Aditi Sharma,U0415
"Product is okay, but delivery took longer than expected.",Neutral,Flipkart,Karan Sharma,U0416
"Product is okay, but delivery took longer than expected.",Neutral,Amazon,Rahul Iyer,U0417
"Average quality, nothing special.",Neutral,Flipkart,Sneha Iyer,U0418
"Great product, excellent customer service.",Positive,Flipkart,Sneha Singh,U0419
"Terrible experience, item arrived broken.",Negative,Flipkart,Aditi Mehta,U0420
"The item works fine, but the packaging was a bit damaged.",Neutral,Amazon,Vikram Gupta,U0421
"Decent product for the price, though it could have better battery life.",Neutral,Amazon,Rohan Reddy,U0422
"Fantastic quality, worth every penny.",Positive,Amazon,Neha Singh,U0423
"Fantastic quality, worth every penny.",Positive,Flipkart,Karan Sharma,U0424
"Product is okay, but delivery took longer than expected.",Neutral,Flipkart,Neha Patel,U0425
"Product is okay, but delivery took longer than expected.",Neutral,Amazon,Aditi Kapoor,U0426
"Absolutely love this! Stylish, durable, and great value for money.",Positive,Flipkart,Arjun Iyer,U0427
Worst purchase I have ever made.,Negative,Amazon,Neha Reddy,U0428
"Terrible experience, item arrived broken.",Negative,Flipkart,Karan Mehta,U0429
"Stopped working within a week, very frustrating.",Negative,Amazon,Rohan Iyer,U0430
"Decent product for the price, though it could have better battery life.",Neutral,Amazon,Vikram Sharma,U0431
"Great product, excellent customer service.",Positive,Flipkart,Neha Nair,U0432
"Fantastic quality, worth every penny.",Positive,Amazon,Arjun Mehta,U0433
"Fantastic quality, worth every penny.",Positive,Flipkart,Arjun Verma,U0434
"Average quality, nothing special.",Neutral,Flipkart,Priya Nair,U0435
"Terrible experience, item arrived broken.",Negative,Flipkart,Karan Kapoor,U0436
"Poor quality, would not recommend.",Negative,Amazon,Sneha Kapoor,U0437
"The product quality exceeded my expectations, and the delivery was super fast.",Positive,Amazon,Aditi Sharma,U0438
Worst purchase I have ever made.,Negative,Amazon,Priya Reddy,U0439
"Average quality, nothing special.",Neutral,Flipkart,Sneha Verma,U0440
Very comfortable to use and looks great.,Positive,Flipkart,Karan Patel,U0441
"Average quality, nothing special.",Neutral,Amazon,Aditi Mehta,U0442
Very disappointed — the product stopped working after two days.,Negative,Flipkart,Neha Nair,U0443
"The product quality exceeded my expectations, and the delivery was super fast.",Positive,Flipkart,Vikram Singh,U0444
"Stopped working within a week, very frustrating.",Negative,Amazon,Sneha Sharma,U0445
"Stopped working within a week, very frustrating.",Negative,Amazon,Arjun Kapoor,U0446
"Product is okay, but delivery took longer than expected.",Neutral,Flipkart,Vikram Reddy,U0447
"Terrible experience, item arrived broken.",Negative,Flipkart,Arjun Nair,U0448
"Great product, excellent customer service.",Positive,Flipkart,Neha Reddy,U0449
"The item works fine, but the packaging was a bit damaged.",Neutral,Amazon,Rahul Nair,U0450
"Terrible experience, item arrived broken.",Negative,Amazon,Rahul Kapoor,U0451
"The item works fine, but the packaging was a bit damaged.",Neutral,Amazon,Rahul Reddy,U0452
"Not bad, but not great either.",Neutral,Amazon,Rohan Singh,U0453
"Not bad, but not great either.",Neutral,Flipkart,Priya Gupta,U0454
"The item works fine, but the packaging was a bit damaged.",Neutral,Flipkart,Karan Kapoor,U0455
Worst purchase I have ever made.,Negative,Amazon,Karan Nair,U0456
"Absolutely love this! Stylish, durable, and great value for money.",Positive,Amazon,Vikram Sharma,U0457
"Not bad, but not great either.",Neutral,Flipkart,Rohan Reddy,U0458
"The item works fine, but the packaging was a bit damaged.",Neutral,Flipkart,Simran Nair,U0459
"The product quality exceeded my expectations, and the delivery was super fast.",Positive,Flipkart,Arjun Sharma,U0460
"Terrible experience, item arrived broken.",Negative,Amazon,Karan Verma,U0461
"Poor quality, would not recommend.",Negative,Amazon,Neha Sharma,U0462
"Poor quality, would not recommend.",Negative,Flipkart,Neha Kapoor,U0463
"Terrible experience, item arrived broken.",Negative,Amazon,Karan Sharma,U0464
"Great product, excellent customer service.",Positive,Flipkart,Simran Reddy,U0465
"Not bad, but not great either.",Neutral,Amazon,Neha Nair,U0466
"The product quality exceeded my expectations, and the delivery was super fast.",Positive,Flipkart,Simran Gupta,U0467
"The item works fine, but the packaging was a bit damaged.",Neutral,Amazon,Rohan Iyer,U0468
"Terrible experience, item arrived broken.",Negative,Flipkart,Arjun Patel,U0469
"Great product, excellent customer service.",Positive,Flipkart,Simran Nair,U0470
"Absolutely love this! Stylish, durable, and great value for money.",Positive,Flipkart,Karan Reddy,U0471
"Product is okay, but delivery took longer than expected.",Neutral,Amazon,Aditi Singh,U0472
"Product is okay, but delivery took longer than expected.",Neutral,Flipkart,Karan Verma,U0473
"Absolutely love this! Stylish, durable, and great value for money.",Positive,Amazon,Priya Nair,U0474
"Product is okay, but delivery took longer than expected.",Neutral,Amazon,Neha Sharma,U0475
Very comfortable to use and looks great.,Positive,Amazon,Simran Sharma,U0476
Very comfortable to use and looks great.,Positive,Flipkart,Rohan Nair,U0477
"Not bad, but not great either.",Neutral,Flipkart,Vikram Nair,U0478
"Absolutely love this! Stylish, durable, and great value for money.",Positive,Amazon,Vikram Gupta,U0479
"Great product, excellent customer service.",Positive,Flipkart,Sneha Sharma,U0480
"The product quality exceeded my expectations, and the delivery was super fast.",Positive,Flipkart,Aditi Sharma,U0481
"The item works fine, but the packaging was a bit damaged.",Neutral,Amazon,Vikram Mehta,U0482
"Great product, excellent customer service.",Positive,Flipkart,Aditi Mehta,U0483
Worst purchase I have ever made.,Negative,Amazon,Vikram Singh,U0484
"Fantastic quality, worth every penny.",Positive,Amazon,Aditi Verma,U0485
Worst purchase I have ever made.,Negative,Flipkart,Simran Gupta,U0486
"Decent product for the price, though it could have better battery life.",Neutral,Flipkart,Rohan Reddy,U0487
Very comfortable to use and looks great.,Positive,Flipkart,Rahul Gupta,U0488
"Decent product for the price, though it could have better battery life.",Neutral,Amazon,Arjun Sharma,U0489
"The product quality exceeded my expectations, and the delivery was super fast.",Positive,Amazon,Rahul Kapoor,U0490
"The product quality exceeded my expectations, and the delivery was super fast.",Positive,Amazon,Rohan Gupta,U0491
"Product is okay, but delivery took longer than expected.",Neutral,Flipkart,Priya Singh,U0492
Worst purchase I have ever made.,Negative,Flipkart,Rohan Sharma,U0493
"Fantastic quality, worth every penny.",Positive,Amazon,Neha Reddy,U0494
Very comfortable to use and looks great.,Positive,Amazon,Rahul Verma,U0495
"Terrible experience, item arrived broken.",Negative,Flipkart,Simran Reddy,U0496
"The product quality exceeded my expectations, and the delivery was super fast.",Positive,Amazon,Neha Nair,U0497
"The item works fine, but the packaging was a bit damaged.",Neutral,Flipkart,Aditi Mehta,U0498
Very disappointed — the product stopped working after two days.,Negative,Amazon,Karan Reddy,U0499
"Average quality, nothing special.",Neutral,Amazon,Aditi Nair,U0500
"Product is okay, but delivery took longer than expected.",Neutral,Amazon,Vikram Singh,U0501
"Average quality, nothing special.",Neutral,Amazon,Neha Reddy,U0502
"Stopped working within a week, very frustrating.",Negative,Amazon,Rahul Patel,U0503
"The product quality exceeded my expectations, and the delivery was super fast.",Positive,Flipkart,Priya Singh,U0504
"Not bad, but not great either.",Neutral,Amazon,Priya Gupta,U0505
"Great product, excellent customer service.",Positive,Flipkart,Vikram Nair,U0506
Very disappointed — the product stopped working after two days.,Negative,Amazon,Arjun Singh,U0507
"Terrible experience, item arrived broken.",Negative,Amazon,Priya Iyer,U0508
"Average quality, nothing special.",Neutral,Flipkart,Arjun Gupta,U0509
"Terrible experience, item arrived broken.",Negative,Flipkart,Rohan Iyer,U0510
"Terrible experience, item arrived broken.",Negative,Flipkart,Karan Nair,U0511
"The product quality exceeded my expectations, and the delivery was super fast.",Positive,Amazon,Neha Iyer,U0512
"Terrible experience, item arrived broken.",Negative,Amazon,Simran Sharma,U0513
"Stopped working within a week, very frustrating.",Negative,Amazon,Rohan Gupta,U0514
"Average quality, nothing special.",Neutral,Amazon,Priya Patel,U0515
"The product quality exceeded my expectations, and the delivery was super fast.",Positive,Amazon,Priya Mehta,U0516
Worst purchase I have ever made.,Negative,Flipkart,Neha Mehta,U0517
"Decent product for the price, though it could have better battery life.",Neutral,Flipkart,Aditi Mehta,U0518
Worst purchase I have ever made.,Negative,Flipkart,Arjun Reddy,U0519
"Absolutely love this! Stylish, durable, and great value for money.",Positive,Flipkart,Rohan Nair,U0520
"Fantastic quality, worth every penny.",Positive,Amazon,Aditi Patel,U0521
"Terrible experience, item arrived broken.",Negative,Flipkart,Simran Nair,U0522
Worst purchase I have ever made.,Negative,Flipkart,Rohan Nair,U0523
"The item works fine, but the packaging was a bit damaged.",Neutral,Flipkart,Priya Sharma,U0524
"Average quality, nothing special.",Neutral,Flipkart,Priya Sharma,U0525
Very disappointed — the product stopped working after two days.,Negative,Flipkart,Rahul Gupta,U0526
"Poor quality, would not recommend.",Negative,Amazon,Rohan Singh,U0527
"Terrible experience, item arrived broken.",Negative,Flipkart,Simran Reddy,U0528
"Poor quality, would not recommend.",Negative,Amazon,Karan Verma,U0529
"Decent product for the price, though it could have better battery life.",Neutral,Flipkart,Neha Singh,U0530
"Terrible experience, item arrived broken.",Negative,Flipkart,Priya Nair,U0531
"Product is okay, but delivery took longer than expected.",Neutral,Flipkart,Priya Verma,U0532
"The item works fine, but the packaging was a bit damaged.",Neutral,Amazon,Priya Mehta,U0533
"Fantastic quality, worth every penny.",Positive,Amazon,Rohan Iyer,U0534
"Terrible experience, item arrived broken.",Negative,Amazon,Karan Reddy,U0535
Worst purchase I have ever made.,Negative,Amazon,Rohan Patel,U0536
"Decent product for the price, though it could have better battery life.",Neutral,Flipkart,Sneha Nair,U0537
"Not bad, but not great either.",Neutral,Flipkart,Priya Singh,U0538
"Decent product for the price, though it could have better battery life.",Neutral,Flipkart,Arjun Verma,U0539
Very disappointed — the product stopped working after two days.,Negative,Amazon,Rahul Patel,U0540
"Terrible experience, item arrived broken.",Negative,Flipkart,Karan Kapoor,U0541
"Not bad, but not great either.",Neutral,Flipkart,Arjun Nair,U0542
Worst purchase I have ever made.,Negative,Flipkart,Arjun Kapoor,U0543
Worst purchase I have ever made.,Negative,Amazon,Rohan Patel,U0544
"Product is okay, but delivery took longer than expected.",Neutral,Amazon,Sneha Patel,U0545
Very disappointed — the product stopped working after two days.,Negative,Amazon,Neha Gupta,U0546
"Great product, excellent customer service.",Positive,Amazon,Vikram Patel,U0547
"Great product, excellent customer service.",Positive,Amazon,Rohan Nair,U0548
"The product quality exceeded my expectations, and the delivery was super fast.",Positive,Amazon,Arjun Iyer,U0549
"Not bad, but not great either.",Neutral,Amazon,Sneha Sharma,U0550
Very disappointed — the product stopped working after two days.,Negative,Amazon,Vikram Reddy,U0551
"Stopped working within a week, very frustrating.",Negative,Amazon,Simran Kapoor,U0552
"Not bad, but not great either.",Neutral,Flipkart,Vikram Gupta,U0553
"Terrible experience, item arrived broken.",Negative,Amazon,Neha Gupta,U0554
"Terrible experience, item arrived broken.",Negative,Flipkart,Vikram Kapoor,U0555
Very disappointed — the product stopped working after two days.,Negative,Flipkart,Neha Patel,U0556
"Terrible experience, item arrived broken.",Negative,Amazon,Aditi Sharma,U0557
"Product is okay, but delivery took longer than expected.",Neutral,Amazon,Aditi Kapoor,U0558
Very disappointed — the product stopped working after two days.,Negative,Flipkart,Neha Patel,U0559
"Not bad, but not great either.",Neutral,Amazon,Aditi Iyer,U0560
Very disappointed — the product stopped working after two days.,Negative,Flipkart,Aditi Patel,U0561
"Decent product for the price, though it could have better battery life.",Neutral,Flipkart,Neha Reddy,U0562
Worst purchase I have ever made.,Negative,Amazon,Aditi Gupta,U0563
Very disappointed — the product stopped working after two days.,Negative,Amazon,Vikram Patel,U0564
"The item works fine, but the packaging was a bit damaged.",Neutral,Flipkart,Vikram Nair,U0565
"Stopped working within a week, very frustrating.",Negative,Amazon,Arjun Mehta,U0566
"Great product, excellent customer service.",Positive,Flipkart,Sneha Mehta,U0567
"The item works fine, but the packaging was a bit damaged.",Neutral,Flipkart,Priya Singh,U0568
"Product is okay, but delivery took longer than expected.",Neutral,Amazon,Vikram Sharma,U0569
"Fantastic quality, worth every penny.",Positive,Amazon,Rohan Patel,U0570
"Terrible experience, item arrived broken.",Negative,Flipkart,Neha Reddy,U0571
"Fantastic quality, worth every penny.",Positive,Amazon,Aditi Kapoor,U0572
Very comfortable to use and looks great.,Positive,Flipkart,Simran Mehta,U0573
"The product quality exceeded my expectations, and the delivery was super fast.",Positive,Flipkart,Karan Mehta,U0574
Very disappointed — the product stopped working after two days.,Negative,Amazon,Sneha Singh,U0575
"Decent product for the price, though it could have better battery life.",Neutral,Flipkart,Arjun Singh,U0576
"Decent product for the price, though it could have better battery life.",Neutral,Amazon,Simran Reddy,U0577
"Great product, excellent customer service.",Positive,Amazon,Neha Gupta,U0578
"Average quality, nothing special.",Neutral,Flipkart,Sneha Singh,U0579
Worst purchase I have ever made.,Negative,Amazon,Aditi Verma,U0580
"Poor quality, would not recommend.",Negative,Amazon,Rahul Kapoor,U0581
"Great product, excellent customer service.",Positive,Amazon,Arjun Mehta,U0582
"Product is okay, but delivery took longer than expected.",Neutral,Flipkart,Arjun Mehta,U0583
"The item works fine, but the packaging was a bit damaged.",Neutral,Flipkart,Vikram Reddy,U0584
"Product is okay, but delivery took longer than expected.",Neutral,Amazon,Sneha Nair,U0585
Worst purchase I have ever made.,Negative,Flipkart,Priya Iyer,U0586
"Product is okay, but delivery took longer than expected.",Neutral,Flipkart,Rahul Singh,U0587
Worst purchase I have ever made.,Negative,Flipkart,Sneha Kapoor,U0588
"Decent product for the price, though it could have better battery life.",Neutral,Flipkart,Neha Singh,U0589
"Great product, excellent customer service.",Positive,Flipkart,Rahul Singh,U0590
Worst purchase I have ever made.,Negative,Amazon,Priya Singh,U0591
"The product quality exceeded my expectations, and the delivery was super fast.",Positive,Amazon,Sneha Singh,U0592
"Great product, excellent customer service.",Positive,Flipkart,Sneha Iyer,U0593
"Stopped working within a week, very frustrating.",Negative,Flipkart,Rohan Mehta,U0594
Worst purchase I have ever made.,Negative,Amazon,Vikram Iyer,U0595
Very comfortable to use and looks great.,Positive,Amazon,Neha Verma,U0596
Worst purchase I have ever made.,Negative,Amazon,Priya Kapoor,U0597
Very comfortable to use and looks great.,Positive,Flipkart,Karan Kapoor,U0598
"Decent product for the price, though it could have better battery life.",Neutral,Flipkart,Neha Nair,U0599
"The item works fine, but the packaging was a bit damaged.",Neutral,Amazon,Rahul Kapoor,U0600
"Average quality, nothing special.",Neutral,Amazon,Rahul Kapoor,U0601
"Fantastic quality, worth every penny.",Positive,Flipkart,Priya Patel,U0602
"Stopped working within a week, very frustrating.",Negative,Flipkart,Karan Sharma,U0603
Very disappointed — the product stopped working after two days.,Negative,Flipkart,Arjun Singh,U0604
Worst purchase I have ever made.,Negative,Flipkart,Karan Nair,U0605
"Poor quality, would not recommend.",Negative,Amazon,Aditi Verma,U0606
"Terrible experience, item arrived broken.",Negative,Amazon,Simran Kapoor,U0607
"Decent product for the price, though it could have better battery life.",Neutral,Flipkart,Karan Kapoor,U0608
"Poor quality, would not recommend.",Negative,Flipkart,Vikram Iyer,U0609
"Terrible experience, item arrived broken.",Negative,Amazon,Aditi Sharma,U0610
"Stopped working within a week, very frustrating.",Negative,Amazon,Neha Sharma,U0611
"Poor quality, would not recommend.",Negative,Flipkart,Simran Mehta,U0612
"Poor quality, would not recommend.",Negative,Flipkart,Aditi Iyer,U0613
"Stopped working within a week, very frustrating.",Negative,Amazon,Arjun Verma,U0614
"Stopped working within a week, very frustrating.",Negative,Amazon,Priya Kapoor,U0615
"Terrible experience, item arrived broken.",Negative,Amazon,Aditi Sharma,U0616
"Average quality, nothing special.",Neutral,Amazon,Rohan Mehta,U0617
"Stopped working within a week, very frustrating.",Negative,Flipkart,Neha Reddy,U0618
"Terrible experience, item arrived broken.",Negative,Flipkart,Simran Patel,U0619
"The item works fine, but the packaging was a bit damaged.",Neutral,Flipkart,Sneha Nair,U0620
Very comfortable to use and looks great.,Positive,Flipkart,Rahul Reddy,U0621
"Average quality, nothing special.",Neutral,Amazon,Vikram Sharma,U0622
"Product is okay, but delivery took longer than expected.",Neutral,Amazon,Sneha Patel,U0623
Very disappointed — the product stopped working after two days.,Negative,Flipkart,Priya Gupta,U0624
"The item works fine, but the packaging was a bit damaged.",Neutral,Flipkart,Rahul Singh,U0625
"Poor quality, would not recommend.",Negative,Amazon,Vikram Patel,U0626
"Average quality, nothing special.",Neutral,Flipkart,Vikram Patel,U0627
"Great product, excellent customer service.",Positive,Flipkart,Sneha Sharma,U0628
"Great product, excellent customer service.",Positive,Amazon,Priya Patel,U0629
"Product is okay, but delivery took longer than expected.",Neutral,Flipkart,Arjun Kapoor,U0630
"Absolutely love this! Stylish, durable, and great value for money.",Positive,Amazon,Neha Patel,U0631
"Average quality, nothing special.",Neutral,Flipkart,Vikram Kapoor,U0632
"Decent product for the price, though it could have better battery life.",Neutral,Amazon,Arjun Reddy,U0633
Very comfortable to use and looks great.,Positive,Flipkart,Vikram Nair,U0634
Very comfortable to use and looks great.,Positive,Flipkart,Arjun Sharma,U0635
Very disappointed — the product stopped working after two days.,Negative,Flipkart,Arjun Mehta,U0636
"Great product, excellent customer service.",Positive,Flipkart,Aditi Verma,U0637
"Decent product for the price, though it could have better battery life.",Neutral,Amazon,Arjun Reddy,U0638
"Average quality, nothing special.",Neutral,Amazon,Aditi Kapoor,U0639
Very disappointed — the product stopped working after two days.,Negative,Amazon,Neha Kapoor,U0640
"Not bad, but not great either.",Neutral,Amazon,Arjun Verma,U0641
"Stopped working within a week, very frustrating.",Negative,Flipkart,Vikram Sharma,U0642
"Average quality, nothing special.",Neutral,Amazon,Arjun Kapoor,U0643
Worst purchase I have ever made.,Negative,Amazon,Sneha Mehta,U0644
"Fantastic quality, worth every penny.",Positive,Flipkart,Simran Singh,U0645
Very disappointed — the product stopped working after two days.,Negative,Amazon,Rahul Iyer,U0646
Worst purchase I have ever made.,Negative,Amazon,Priya Singh,U0647
"Great product, excellent customer service.",Positive,Flipkart,Priya Iyer,U0648
"Not bad, but not great either.",Neutral,Flipkart,Rohan Sharma,U0649
"Fantastic quality, worth every penny.",Positive,Amazon,Rahul Mehta,U0650
Very disappointed — the product stopped working after two days.,Negative,Amazon,Arjun Nair,U0651
"Decent product for the price, though it could have better battery life.",Neutral,Amazon,Simran Verma,U0652
Very disappointed — the product stopped working after two days.,Negative,Flipkart,Sneha Sharma,U0653
"The product quality exceeded my expectations, and the delivery was super fast.",Positive,Flipkart,Simran Reddy,U0654
"Fantastic quality, worth every penny.",Positive,Amazon,Priya Kapoor,U0655
"Decent product for the price, though it could have better battery life.",Neutral,Flipkart,Sneha Sharma,U0656
"Great product, excellent customer service.",Positive,Amazon,Aditi Kapoor,U0657
"Decent product for the price, though it could have better battery life.",Neutral,Amazon,Priya Gupta,U0658
"Terrible experience, item arrived broken.",Negative,Amazon,Rohan Gupta,U0659
"Not bad, but not great either.",Neutral,Amazon,Vikram Patel,U0660
Very comfortable to use and looks great.,Positive,Amazon,Arjun Gupta,U0661
"The item works fine, but the packaging was a bit damaged.",Neutral,Flipkart,Neha Iyer,U0662
"The product quality exceeded my expectations, and the delivery was super fast.",Positive,Amazon,Priya Verma,U0663
Very comfortable to use and looks great.,Positive,Flipkart,Sneha Patel,U0664
"Fantastic quality, worth every penny.",Positive,Flipkart,Sneha Nair,U0665
"Product is okay, but delivery took longer than expected.",Neutral,Flipkart,Simran Kapoor,U0666
"The product quality exceeded my expectations, and the delivery was super fast.",Positive,Amazon,Neha Gupta,U0667
"Decent product for the price, though it could have better battery life.",Neutral,Amazon,Vikram Iyer,U0668
"Product is okay, but delivery took longer than expected.",Neutral,Flipkart,Neha Singh,U0669
"Stopped working within a week, very frustrating.",Negative,Flipkart,Priya Kapoor,U0670
"Great product, excellent customer service.",Positive,Flipkart,Priya Kapoor,U0671
"Not bad, but not great either.",Neutral,Amazon,Sneha Singh,U0672
"Terrible experience, item arrived broken.",Negative,Flipkart,Karan Iyer,U0673
"Great product, excellent customer service.",Positive,Flipkart,Neha Singh,U0674
"Fantastic quality, worth every penny.",Positive,Flipkart,Simran Verma,U0675
"Decent product for the price, though it could have better battery life.",Neutral,Flipkart,Priya Mehta,U0676
"Stopped working within a week, very frustrating.",Negative,Amazon,Sneha Sharma,U0677
"The product quality exceeded my expectations, and the delivery was super fast.",Positive,Amazon,Rahul Patel,U0678
"Stopped working within a week, very frustrating.",Negative,Amazon,Arjun Singh,U0679
"Poor quality, would not recommend.",Negative,Amazon,Simran Singh,U0680
Worst purchase I have ever made.,Negative,Flipkart,Arjun Singh,U0681
"The product quality exceeded my expectations, and the delivery was super fast.",Positive,Amazon,Sneha Reddy,U0682
"Absolutely love this! Stylish, durable, and great value for money.",Positive,Flipkart,Rohan Mehta,U0683
"Absolutely love this! Stylish, durable, and great value for money.",Positive,Amazon,Aditi Gupta,U0684
"Fantastic quality, worth every penny.",Positive,Amazon,Rohan Nair,U0685
Very disappointed — the product stopped working after two days.,Negative,Flipkart,Rohan Mehta,U0686
"Average quality, nothing special.",Neutral,Amazon,Rohan Singh,U0687
"Decent product for the price, though it could have better battery life.",Neutral,Amazon,Aditi Kapoor,U0688
"Not bad, but not great either.",Neutral,Flipkart,Karan Patel,U0689
"Poor quality, would not recommend.",Negative,Amazon,Rahul Patel,U0690
"Decent product for the price, though it could have better battery life.",Neutral,Flipkart,Rahul Reddy,U0691
"Terrible experience, item arrived broken.",Negative,Flipkart,Rahul Patel,U0692
"Fantastic quality, worth every penny.",Positive,Amazon,Karan Singh,U0693
"Absolutely love this! Stylish, durable, and great value for money.",Positive,Amazon,Rohan Verma,U0694
"Absolutely love this! Stylish, durable, and great value for money.",Positive,Flipkart,Karan Reddy,U0695
"Stopped working within a week, very frustrating.",Negative,Flipkart,Karan Gupta,U0696
"Decent product for the price, though it could have better battery life.",Neutral,Amazon,Arjun Reddy,U0697
"Decent product for the price, though it could have better battery life.",Neutral,Flipkart,Neha Gupta,U0698
"Fantastic quality, worth every penny.",Positive,Amazon,Rahul Nair,U0699
"The item works fine, but the packaging was a bit damaged.",Neutral,Amazon,Simran Nair,U0700
"Not bad, but not great either.",Neutral,Amazon,Simran Iyer,U0701
Very comfortable to use and looks great.,Positive,Amazon,Priya Verma,U0702
"Fantastic quality, worth every penny.",Positive,Amazon,Rahul Mehta,U0703
"Not bad, but not great either.",Neutral,Amazon,Karan Nair,U0704
"Not bad, but not great either.",Neutral,Amazon,Priya Kapoor,U0705
Very disappointed — the product stopped working after two days.,Negative,Amazon,Sneha Kapoor,U0706
Very disappointed — the product stopped working after two days.,Negative,Flipkart,Rohan Verma,U0707
"Absolutely love this! Stylish, durable, and great value for money.",Positive,Flipkart,Vikram Gupta,U0708
"Great product, excellent customer service.",Positive,Amazon,Simran Nair,U0709
"Great product, excellent customer service.",Positive,Flipkart,Arjun Mehta,U0710
Worst purchase I have ever made.,Negative,Amazon,Priya Verma,U0711
"Terrible experience, item arrived broken.",Negative,Flipkart,Rohan Reddy,U0712
"Fantastic quality, worth every penny.",Positive,Amazon,Karan Gupta,U0713
"Average quality, nothing special.",Neutral,Flipkart,Aditi Gupta,U0714
"Absolutely love this! Stylish, durable, and great value for money.",Positive,Flipkart,Simran Nair,U0715
Worst purchase I have ever made.,Negative,Amazon,Karan Sharma,U0716
"Terrible experience, item arrived broken.",Negative,Amazon,Priya Gupta,U0717
"Absolutely love this! Stylish, durable, and great value for money.",Positive,Flipkart,Arjun Singh,U0718
Worst purchase I have ever made.,Negative,Amazon,Simran Singh,U0719
"Decent product for the price, though it could have better battery life.",Neutral,Amazon,Arjun Patel,U0720
"Great product, excellent customer service.",Positive,Flipkart,Rahul Iyer,U0721
"Great product, excellent customer service.",Positive,Flipkart,Sneha Gupta,U0722
"Absolutely love this! Stylish, durable, and great value for money.",Positive,Amazon,Aditi Singh,U0723
"Terrible experience, item arrived broken.",Negative,Flipkart,Simran Mehta,U0724
"The item works fine, but the packaging was a bit damaged.",Neutral,Amazon,Arjun Iyer,U0725
"Poor quality, would not recommend.",Negative,Flipkart,Karan Sharma,U0726
"Average quality, nothing special.",Neutral,Flipkart,Vikram Patel,U0727
"Product is okay, but delivery took longer than expected.",Neutral,Flipkart,Neha Sharma,U0728
"The product quality exceeded my expectations, and the delivery was super fast.",Positive,Flipkart,Arjun Singh,U0729
"Poor quality, would not recommend.",Negative,Amazon,Neha Sharma,U0730
"Average quality, nothing special.",Neutral,Flipkart,Aditi Mehta,U0731
"Average quality, nothing special.",Neutral,Amazon,Rohan Patel,U0732
"Not bad, but not great either.",Neutral,Flipkart,Rahul Verma,U0733
Very comfortable to use and looks great.,Positive,Flipkart,Karan Kapoor,U0734
Very disappointed — the product stopped working after two days.,Negative,Flipkart,Rohan Iyer,U0735
"Great product, excellent customer service.",Positive,Amazon,Karan Sharma,U0736
"The item works fine, but the packaging was a bit damaged.",Neutral,Amazon,Sneha Reddy,U0737
Very comfortable to use and looks great.,Positive,Amazon,Arjun Singh,U0738
"Not bad, but not great either.",Neutral,Flipkart,Karan Iyer,U0739
"Great product, excellent customer service.",Positive,Flipkart,Karan Reddy,U0740
Very disappointed — the product stopped working after two days.,Negative,Flipkart,Aditi Kapoor,U0741
"Terrible experience, item arrived broken.",Negative,Flipkart,Vikram Iyer,U0742
Worst purchase I have ever made.,Negative,Flipkart,Karan Kapoor,U0743
"Decent product for the price, though it could have better battery life.",Neutral,Flipkart,Sneha Mehta,U0744
"Poor quality, would not recommend.",Negative,Flipkart,Aditi Sharma,U0745
"Average quality, nothing special.",Neutral,Flipkart,Rohan Gupta,U0746
Very comfortable to use and looks great.,Positive,Flipkart,Sneha Singh,U0747
"Stopped working within a week, very frustrating.",Negative,Flipkart,Aditi Reddy,U0748
"The product quality exceeded my expectations, and the delivery was super fast.",Positive,Amazon,Rahul Sharma,U0749
"The item works fine, but the packaging was a bit damaged.",Neutral,Flipkart,Rohan Sharma,U0750
"The product quality exceeded my expectations, and the delivery was super fast.",Positive,Amazon,Priya Gupta,U0751
"The item works fine, but the packaging was a bit damaged.",Neutral,Amazon,Sneha Sharma,U0752
"Average quality, nothing special.",Neutral,Amazon,Simran Reddy,U0753
"Not bad, but not great either.",Neutral,Amazon,Priya Iyer,U0754
"Terrible experience, item arrived broken.",Negative,Flipkart,Priya Iyer,U0755
"Average quality, nothing special.",Neutral,Flipkart,Karan Iyer,U0756
"Great product, excellent customer service.",Positive,Amazon,Neha Nair,U0757
Very comfortable to use and looks great.,Positive,Amazon,Sneha Iyer,U0758
"The product quality exceeded my expectations, and the delivery was super fast.",Positive,Flipkart,Neha Reddy,U0759
"Stopped working within a week, very frustrating.",Negative,Amazon,Rahul Sharma,U0760
"Absolutely love this! Stylish, durable, and great value for money.",Positive,Flipkart,Neha Kapoor,U0761
"Terrible experience, item arrived broken.",Negative,Flipkart,Sneha Iyer,U0762
"The item works fine, but the packaging was a bit damaged.",Neutral,Amazon,Vikram Nair,U0763
"Decent product for the price, though it could have better battery life.",Neutral,Amazon,Sneha Verma,U0764
"The item works fine, but the packaging was a bit damaged.",Neutral,Flipkart,Karan Kapoor,U0765
"Product is okay, but delivery took longer than expected.",Neutral,Amazon,Simran Reddy,U0766
"Product is okay, but delivery took longer than expected.",Neutral,Amazon,Karan Singh,U0767
"The item works fine, but the packaging was a bit damaged.",Neutral,Amazon,Aditi Gupta,U0768
"Average quality, nothing special.",Neutral,Flipkart,Sneha Iyer,U0769
"Not bad, but not great either.",Neutral,Amazon,Simran Verma,U0770
Very disappointed — the product stopped working after two days.,Negative,Amazon,Vikram Singh,U0771
"Terrible experience, item arrived broken.",Negative,Flipkart,Aditi Verma,U0772
Very disappointed — the product stopped working after two days.,Negative,Amazon,Simran Patel,U0773
"Fantastic quality, worth every penny.",Positive,Flipkart,Arjun Iyer,U0774
"The item works fine, but the packaging was a bit damaged.",Neutral,Flipkart,Rohan Patel,U0775
"Stopped working within a week, very frustrating.",Negative,Flipkart,Rohan Mehta,U0776
"Average quality, nothing special.",Neutral,Amazon,Rohan Gupta,U0777
"The item works fine, but the packaging was a bit damaged.",Neutral,Flipkart,Aditi Gupta,U0778
"Terrible experience, item arrived broken.",Negative,Amazon,Priya Kapoor,U0779
"Great product, excellent customer service.",Positive,Amazon,Rahul Nair,U0780
"Product is okay, but delivery took longer than expected.",Neutral,Flipkart,Karan Sharma,U0781
"Decent product for the price, though it could have better battery life.",Neutral,Amazon,Rahul Mehta,U0782
"Stopped working within a week, very frustrating.",Negative,Flipkart,Rahul Iyer,U0783
"Fantastic quality, worth every penny.",Positive,Amazon,Rohan Nair,U0784
"Decent product for the price, though it could have better battery life.",Neutral,Flipkart,Aditi Mehta,U0785
"The item works fine, but the packaging was a bit damaged.",Neutral,Flipkart,Karan Singh,U0786
"Absolutely love this! Stylish, durable, and great value for money.",Positive,Amazon,Simran Reddy,U0787
Worst purchase I have ever made.,Negative,Amazon,Sneha Reddy,U0788
"Stopped working within a week, very frustrating.",Negative,Flipkart,Aditi Gupta,U0789
"The item works fine, but the packaging was a bit damaged.",Neutral,Amazon,Karan Gupta,U0790
"Terrible experience, item arrived broken.",Negative,Amazon,Priya Kapoor,U0791
"Decent product for the price, though it could have better battery life.",Neutral,Flipkart,Karan Gupta,U0792
"Average quality, nothing special.",Neutral,Flipkart,Aditi Nair,U0793
"Decent product for the price, though it could have better battery life.",Neutral,Flipkart,Arjun Gupta,U0794
Very comfortable to use and looks great.,Positive,Amazon,Neha Verma,U0795
"Not bad, but not great either.",Neutral,Flipkart,Aditi Reddy,U0796
"Absolutely love this! Stylish, durable, and great value for money.",Positive,Flipkart,Neha Nair,U0797
"Stopped working within a week, very frustrating.",Negative,Amazon,Rohan Singh,U0798
Very comfortable to use and looks great.,Positive,Amazon,Rohan Reddy,U0799
Very comfortable to use and looks great.,Positive,Amazon,Neha Kapoor,U0800
"Poor quality, would not recommend.",Negative,Flipkart,Sneha Sharma,U0801
"The product quality exceeded my expectations, and the delivery was super fast.",Positive,Flipkart,Priya Reddy,U0802
"Fantastic quality, worth every penny.",Positive,Amazon,Neha Mehta,U0803
Very comfortable to use and looks great.,Positive,Amazon,Priya Gupta,U0804
"Great product, excellent customer service.",Positive,Amazon,Sneha Verma,U0805
"Average quality, nothing special.",Neutral,Amazon,Rohan Sharma,U0806
"Stopped working within a week, very frustrating.",Negative,Amazon,Priya Kapoor,U0807
"Stopped working within a week, very frustrating.",Negative,Amazon,Neha Iyer,U0808
"Poor quality, would not recommend.",Negative,Amazon,Arjun Singh,U0809
Very comfortable to use and looks great.,Positive,Amazon,Aditi Sharma,U0810
"The item works fine, but the packaging was a bit damaged.",Neutral,Amazon,Karan Reddy,U0811
"Decent product for the price, though it could have better battery life.",Neutral,Amazon,Arjun Gupta,U0812
"The product quality exceeded my expectations, and the delivery was super fast.",Positive,Flipkart,Simran Gupta,U0813
"Poor quality, would not recommend.",Negative,Flipkart,Karan Mehta,U0814
"Poor quality, would not recommend.",Negative,Flipkart,Simran Sharma,U0815
Worst purchase I have ever made.,Negative,Amazon,Sneha Reddy,U0816
"Great product, excellent customer service.",Positive,Flipkart,Rohan Mehta,U0817
"Stopped working within a week, very frustrating.",Negative,Amazon,Rohan Patel,U0818
"Absolutely love this! Stylish, durable, and great value for money.",Positive,Amazon,Aditi Mehta,U0819
"Decent product for the price, though it could have better battery life.",Neutral,Amazon,Priya Mehta,U0820
"Decent product for the price, though it could have better battery life.",Neutral,Amazon,Priya Reddy,U0821
Very disappointed — the product stopped working after two days.,Negative,Flipkart,Aditi Mehta,U0822
"Great product, excellent customer service.",Positive,Amazon,Sneha Reddy,U0823
"Product is okay, but delivery took longer than expected.",Neutral,Flipkart,Sneha Patel,U0824
Worst purchase I have ever made.,Negative,Amazon,Neha Iyer,U0825
"Average quality, nothing special.",Neutral,Flipkart,Rahul Singh,U0826
"Terrible experience, item arrived broken.",Negative,Flipkart,Sneha Singh,U0827
"Product is okay, but delivery took longer than expected.",Neutral,Flipkart,Arjun Nair,U0828
Very disappointed — the product stopped working after two days.,Negative,Flipkart,Rohan Singh,U0829
"Average quality, nothing special.",Neutral,Flipkart,Priya Iyer,U0830
"Poor quality, would not recommend.",Negative,Amazon,Karan Sharma,U0831
"Stopped working within a week, very frustrating.",Negative,Flipkart,Rohan Gupta,U0832
"The item works fine, but the packaging was a bit damaged.",Neutral,Amazon,Priya Singh,U0833
"Great product, excellent customer service.",Positive,Amazon,Aditi Reddy,U0834
"Poor quality, would not recommend.",Negative,Amazon,Vikram Sharma,U0835
"The product quality exceeded my expectations, and the delivery was super fast.",Positive,Flipkart,Karan Verma,U0836
Very disappointed — the product stopped working after two days.,Negative,Amazon,Sneha Singh,U0837
"Not bad, but not great either.",Neutral,Amazon,Rahul Verma,U0838
"Absolutely love this! Stylish, durable, and great value for money.",Positive,Flipkart,Simran Iyer,U0839
"Terrible experience, item arrived broken.",Negative,Amazon,Priya Nair,U0840
"Terrible experience, item arrived broken.",Negative,Amazon,Rahul Nair,U0841
"The product quality exceeded my expectations, and the delivery was super fast.",Positive,Flipkart,Aditi Gupta,U0842
"Fantastic quality, worth every penny.",Positive,Amazon,Aditi Kapoor,U0843
"Absolutely love this! Stylish, durable, and great value for money.",Positive,Amazon,Sneha Patel,U0844
Worst purchase I have ever made.,Negative,Amazon,Sneha Nair,U0845
"Average quality, nothing special.",Neutral,Amazon,Neha Gupta,U0846
Worst purchase I have ever made.,Negative,Flipkart,Neha Kapoor,U0847
Worst purchase I have ever made.,Negative,Amazon,Neha Kapoor,U0848
"Poor quality, would not recommend.",Negative,Amazon,Rohan Singh,U0849
"The product quality exceeded my expectations, and the delivery was super fast.",Positive,Flipkart,Rahul Patel,U0850
Very disappointed — the product stopped working after two days.,Negative,Amazon,Sneha Patel,U0851
"The item works fine, but the packaging was a bit damaged.",Neutral,Amazon,Arjun Patel,U0852
"Stopped working within a week, very frustrating.",Negative,Amazon,Rahul Singh,U0853
"Not bad, but not great either.",Neutral,Flipkart,Neha Singh,U0854
"Absolutely love this! Stylish, durable, and great value for money.",Positive,Flipkart,Aditi Mehta,U0855
Very comfortable to use and looks great.,Positive,Amazon,Aditi Nair,U0856
"Great product, excellent customer service.",Positive,Amazon,Rohan Verma,U0857
"Terrible experience, item arrived broken.",Negative,Flipkart,Sneha Sharma,U0858
"Fantastic quality, worth every penny.",Positive,Amazon,Rahul Sharma,U0859
"Stopped working within a week, very frustrating.",Negative,Flipkart,Simran Sharma,U0860
Very disappointed — the product stopped working after two days.,Negative,Flipkart,Neha Nair,U0861
"Not bad, but not great either.",Neutral,Flipkart,Neha Mehta,U0862
Worst purchase I have ever made.,Negative,Flipkart,Simran Singh,U0863
"Great product, excellent customer service.",Positive,Amazon,Vikram Iyer,U0864
"Poor quality, would not recommend.",Negative,Amazon,Sneha Iyer,U0865
"Product is okay, but delivery took longer than expected.",Neutral,Flipkart,Aditi Verma,U0866
"Terrible experience, item arrived broken.",Negative,Amazon,Rahul Nair,U0867
"Absolutely love this! Stylish, durable, and great value for money.",Positive,Flipkart,Karan Reddy,U0868
"The item works fine, but the packaging was a bit damaged.",Neutral,Amazon,Karan Nair,U0869
Very disappointed — the product stopped working after two days.,Negative,Amazon,Simran Mehta,U0870
Very disappointed — the product stopped working after two days.,Negative,Amazon,Vikram Kapoor,U0871
"Product is okay, but delivery took longer than expected.",Neutral,Flipkart,Rohan Reddy,U0872
"Terrible experience, item arrived broken.",Negative,Amazon,Rahul Reddy,U0873
"The product quality exceeded my expectations, and the delivery was super fast.",Positive,Flipkart,Vikram Nair,U0874
"Average quality, nothing special.",Neutral,Amazon,Sneha Mehta,U0875
"Decent product for the price, though it could have better battery life.",Neutral,Flipkart,Karan Reddy,U0876
Very comfortable to use and looks great.,Positive,Amazon,Vikram Reddy,U0877
"Fantastic quality, worth every penny.",Positive,Flipkart,Aditi Gupta,U0878
"Terrible experience, item arrived broken.",Negative,Amazon,Priya Mehta,U0879
"Decent product for the price, though it could have better battery life.",Neutral,Flipkart,Priya Iyer,U0880
"Not bad, but not great either.",Neutral,Amazon,Aditi Iyer,U0881
Worst purchase I have ever made.,Negative,Amazon,Neha Reddy,U0882
"Average quality, nothing special.",Neutral,Amazon,Vikram Kapoor,U0883
"The product quality exceeded my expectations, and the delivery was super fast.",Positive,Flipkart,Sneha Nair,U0884
Worst purchase I have ever made.,Negative,Flipkart,Arjun Reddy,U0885
"The product quality exceeded my expectations, and the delivery was super fast.",Positive,Flipkart,Priya Mehta,U0886
"Product is okay, but delivery took longer than expected.",Neutral,Flipkart,Rahul Gupta,U0887
"Poor quality, would not recommend.",Negative,Amazon,Simran Gupta,U0888
Very comfortable to use and looks great.,Positive,Flipkart,Aditi Verma,U0889
"The item works fine, but the packaging was a bit damaged.",Neutral,Flipkart,Rohan Patel,U0890
"Absolutely love this! Stylish, durable, and great value for money.",Positive,Flipkart,Priya Gupta,U0891
"Poor quality, would not recommend.",Negative,Flipkart,Neha Sharma,U0892
Very comfortable to use and looks great.,Positive,Flipkart,Priya Singh,U0893
"Fantastic quality, worth every penny.",Positive,Amazon,Simran Gupta,U0894
Very disappointed — the product stopped working after two days.,Negative,Flipkart,Karan Nair,U0895
"Fantastic quality, worth every penny.",Positive,Flipkart,Simran Mehta,U0896
"Terrible experience, item arrived broken.",Negative,Flipkart,Rahul Singh,U0897
"Absolutely love this! Stylish, durable, and great value for money.",Positive,Flipkart,Priya Iyer,U0898
"The product quality exceeded my expectations, and the delivery was super fast.",Positive,Flipkart,Rohan Gupta,U0899
"Stopped working within a week, very frustrating.",Negative,Flipkart,Rohan Mehta,U0900
"The product quality exceeded my expectations, and the delivery was super fast.",Positive,Amazon,Arjun Singh,U0901
"Poor quality, would not recommend.",Negative,Flipkart,Rahul Singh,U0902
"Stopped working within a week, very frustrating.",Negative,Flipkart,Sneha Sharma,U0903
"The product quality exceeded my expectations, and the delivery was super fast.",Positive,Flipkart,Karan Reddy,U0904
Very comfortable to use and looks great.,Positive,Amazon,Rahul Singh,U0905
"Fantastic quality, worth every penny.",Positive,Flipkart,Vikram Iyer,U0906
Very comfortable to use and looks great.,Positive,Amazon,Neha Kapoor,U0907
"Average quality, nothing special.",Neutral,Amazon,Simran Nair,U0908
"Decent product for the price, though it could have better battery life.",Neutral,Amazon,Rohan Mehta,U0909
"Terrible experience, item arrived broken.",Negative,Flipkart,Arjun Verma,U0910
Very comfortable to use and looks great.,Positive,Amazon,Rohan Singh,U0911
"Great product, excellent customer service.",Positive,Flipkart,Rahul Verma,U0912
Very disappointed — the product stopped working after two days.,Negative,Flipkart,Rohan Kapoor,U0913
"Decent product for the price, though it could have better battery life.",Neutral,Amazon,Vikram Iyer,U0914
"Terrible experience, item arrived broken.",Negative,Flipkart,Sneha Nair,U0915
"Fantastic quality, worth every penny.",Positive,Amazon,Rohan Iyer,U0916
"Decent product for the price, though it could have better battery life.",Neutral,Amazon,Karan Reddy,U0917
"Decent product for the price, though it could have better battery life.",Neutral,Amazon,Rohan Nair,U0918
"The item works fine, but the packaging was a bit damaged.",Neutral,Flipkart,Karan Singh,U0919
"Product is okay, but delivery took longer than expected.",Neutral,Amazon,Rohan Sharma,U0920
Worst purchase I have ever made.,Negative,Amazon,Rahul Sharma,U0921
"Great product, excellent customer service.",Positive,Flipkart,Rohan Kapoor,U0922
"Stopped working within a week, very frustrating.",Negative,Flipkart,Sneha Patel,U0923
"Fantastic quality, worth every penny.",Positive,Flipkart,Aditi Mehta,U0924
Very disappointed — the product stopped working after two days.,Negative,Amazon,Rahul Nair,U0925
"Absolutely love this! Stylish, durable, and great value for money.",Positive,Flipkart,Aditi Nair,U0926
Very disappointed — the product stopped working after two days.,Negative,Flipkart,Rohan Sharma,U0927
Very comfortable to use and looks great.,Positive,Amazon,Priya Gupta,U0928
Worst purchase I have ever made.,Negative,Flipkart,Karan Singh,U0929
"Terrible experience, item arrived broken.",Negative,Amazon,Rohan Kapoor,U0930
"Absolutely love this! Stylish, durable, and great value for money.",Positive,Flipkart,Vikram Iyer,U0931
"Average quality, nothing special.",Neutral,Amazon,Neha Gupta,U0932
Worst purchase I have ever made.,Negative,Amazon,Rahul Nair,U0933
"Great product, excellent customer service.",Positive,Flipkart,Neha Gupta,U0934
"Not bad, but not great either.",Neutral,Flipkart,Neha Kapoor,U0935
Worst purchase I have ever made.,Negative,Amazon,Arjun Reddy,U0936
"Poor quality, would not recommend.",Negative,Flipkart,Karan Nair,U0937
"Great product, excellent customer service.",Positive,Flipkart,Vikram Verma,U0938
"Stopped working within a week, very frustrating.",Negative,Flipkart,Rohan Nair,U0939
"The item works fine, but the packaging was a bit damaged.",Neutral,Amazon,Rahul Singh,U0940
"Not bad, but not great either.",Neutral,Flipkart,Karan Iyer,U0941
Very disappointed — the product stopped working after two days.,Negative,Amazon,Priya Gupta,U0942
"Decent product for the price, though it could have better battery life.",Neutral,Amazon,Priya Verma,U0943
"Average quality, nothing special.",Neutral,Amazon,Sneha Iyer,U0944
"Stopped working within a week, very frustrating.",Negative,Flipkart,Karan Mehta,U0945
"Absolutely love this! Stylish, durable, and great value for money.",Positive,Flipkart,Priya Kapoor,U0946
Very comfortable to use and looks great.,Positive,Flipkart,Arjun Mehta,U0947
"Poor quality, would not recommend.",Negative,Flipkart,Rahul Singh,U0948
"Fantastic quality, worth every penny.",Positive,Amazon,Rahul Kapoor,U0949
"Fantastic quality, worth every penny.",Positive,Amazon,Vikram Nair,U0950
Very disappointed — the product stopped working after two days.,Negative,Flipkart,Karan Singh,U0951
"Terrible experience, item arrived broken.",Negative,Amazon,Sneha Mehta,U0952
"Average quality, nothing special.",Neutral,Flipkart,Priya Gupta,U0953
"Decent product for the price, though it could have better battery life.",Neutral,Amazon,Karan Iyer,U0954
"Fantastic quality, worth every penny.",Positive,Flipkart,Simran Patel,U0955
"Great product, excellent customer service.",Positive,Flipkart,Rohan Kapoor,U0956
"Terrible experience, item arrived broken.",Negative,Flipkart,Aditi Singh,U0957
Worst purchase I have ever made.,Negative,Flipkart,Simran Kapoor,U0958
"Decent product for the price, though it could have better battery life.",Neutral,Flipkart,Aditi Verma,U0959
"The product quality exceeded my expectations, and the delivery was super fast.",Positive,Flipkart,Aditi Nair,U0960
"Product is okay, but delivery took longer than expected.",Neutral,Flipkart,Vikram Sharma,U0961
Worst purchase I have ever made.,Negative,Amazon,Karan Nair,U0962
"Fantastic quality, worth every penny.",Positive,Flipkart,Rahul Iyer,U0963
"Great product, excellent customer service.",Positive,Flipkart,Vikram Singh,U0964
"Decent product for the price, though it could have better battery life.",Neutral,Flipkart,Priya Reddy,U0965
"Stopped working within a week, very frustrating.",Negative,Amazon,Priya Mehta,U0966
Very comfortable to use and looks great.,Positive,Flipkart,Karan Gupta,U0967
"Product is okay, but delivery took longer than expected.",Neutral,Amazon,Priya Iyer,U0968
Very disappointed — the product stopped working after two days.,Negative,Flipkart,Rahul Nair,U0969
Worst purchase I have ever made.,Negative,Amazon,Simran Verma,U0970
"The item works fine, but the packaging was a bit damaged.",Neutral,Flipkart,Aditi Verma,U0971
Very comfortable to use and looks great.,Positive,Amazon,Vikram Kapoor,U0972
"Fantastic quality, worth every penny.",Positive,Amazon,Sneha Verma,U0973
"The product quality exceeded my expectations, and the delivery was super fast.",Positive,Amazon,Priya Patel,U0974
"Terrible experience, item arrived broken.",Negative,Amazon,Arjun Gupta,U0975
"Poor quality, would not recommend.",Negative,Flipkart,Arjun Singh,U0976
Very comfortable to use and looks great.,Positive,Flipkart,Vikram Sharma,U0977
Worst purchase I have ever made.,Negative,Flipkart,Sneha Singh,U0978
Very disappointed — the product stopped working after two days.,Negative,Flipkart,Priya Patel,U0979
"Product is okay, but delivery took longer than expected.",Neutral,Flipkart,Arjun Verma,U0980
"Not bad, but not great either.",Neutral,Flipkart,Karan Iyer,U0981
Very disappointed — the product stopped working after two days.,Negative,Flipkart,Simran Patel,U0982
"Terrible experience, item arrived broken.",Negative,Flipkart,Arjun Sharma,U0983
"The item works fine, but the packaging was a bit damaged.",Neutral,Flipkart,Karan Gupta,U0984
"Product is okay, but delivery took longer than expected.",Neutral,Flipkart,Sneha Verma,U0985
"Not bad, but not great either.",Neutral,Amazon,Rahul Sharma,U0986
"Fantastic quality, worth every penny.",Positive,Flipkart,Priya Patel,U0987
Worst purchase I have ever made.,Negative,Amazon,Sneha Iyer,U0988
"Product is okay, but delivery took longer than expected.",Neutral,Amazon,Vikram Sharma,U0989
"Great product, excellent customer service.",Positive,Amazon,Neha Nair,U0990
"Not bad, but not great either.",Neutral,Amazon,Karan Patel,U0991
"The product quality exceeded my expectations, and the delivery was super fast.",Positive,Amazon,Priya Reddy,U0992
"The item works fine, but the packaging was a bit damaged.",Neutral,Amazon,Neha Reddy,U0993
"Absolutely love this! Stylish, durable, and great value for money.",Positive,Amazon,Arjun Singh,U0994
"Great product, excellent customer service.",Positive,Flipkart,Vikram Mehta,U0995
"Fantastic quality, worth every penny.",Positive,Flipkart,Rohan Iyer,U0996
"Average quality, nothing special.",Neutral,Amazon,Simran Reddy,U0997
"Stopped working within a week, very frustrating.",Negative,Amazon,Neha Sharma,U0998
"The product quality exceeded my expectations, and the delivery was super fast.",Positive,Flipkart,Karan Kapoor,U0999
"Terrible experience, item arrived broken.",Negative,Flipkart,Neha Verma,U1000
